name,slug,current_score,exact_7d,artist_7d,artist_facts,recording_mbids
KALX 90.7 FM,kalx,0.905987354887001,3,5,"[{""key"":""d5cc67b8-1cc4-453b-96e8-44487acdebea"",""name"":""Beach House"",""spinId"":3777484,""canonical"":true,""recording"":""166cff6e-96c8-496f-b29f-2be998db273d""},{""key"":""c8d60780-4293-43e2-8e9e-3532a430d748"",""name"":""The Claypool Lennon Delirium"",""spinId"":3839726,""canonical"":true,""recording"":""183dd00e-66f2-4cae-a709-35f2d40e75c7""},{""key"":""cd5799f6-e6cf-4322-a659-96f5de4a2f6c"",""name"":""Altın Gün"",""spinId"":3829813,""canonical"":true,""recording"":""258e3529-4f4a-452f-b624-6ac3a4b62d6d""},{""key"":""cd5799f6-e6cf-4322-a659-96f5de4a2f6c"",""name"":""Altın Gün"",""spinId"":3829687,""canonical"":true,""recording"":""258e3529-4f4a-452f-b624-6ac3a4b62d6d""},{""key"":""aaae25bf-c794-45d7-bab7-cdc7c655bfa6"",""name"":""Broadcast"",""spinId"":3759203,""canonical"":true,""recording"":""3a9217b3-eedf-4c86-97a0-44b77c511bed""},{""key"":""7682d624-9e0b-45b2-b7d0-d1b18b3ebd05"",""name"":""Vieux Farka Touré"",""spinId"":3845032,""canonical"":true,""recording"":""545d6896-0933-4337-9f0e-1d8156a6f174""},{""key"":""69158f97-4c07-4c4e-baf8-4e4ab1ed666e"",""name"":""Boards of Canada"",""spinId"":3825148,""canonical"":true,""recording"":""5ce7e73e-07e8-43c2-b26b-f8cd4a02b135""},{""key"":""69158f97-4c07-4c4e-baf8-4e4ab1ed666e"",""name"":""Boards of Canada"",""spinId"":3825022,""canonical"":true,""recording"":""5ce7e73e-07e8-43c2-b26b-f8cd4a02b135""},{""key"":""57976431-1a5c-4968-a422-b92c5e9b0d4f"",""name"":""Glen Campbell"",""spinId"":3652734,""canonical"":true,""recording"":""60f8b235-e70f-4f6c-a2a9-3cd20d0972a1""},{""key"":""5c232cd8-297a-4586-9090-f7cf30466fe2"",""name"":""Terry Reid"",""spinId"":3730476,""canonical"":true,""recording"":""eddc6881-af3e-4cea-bd57-ad1f4e022624""}]","[""166cff6e-96c8-496f-b29f-2be998db273d"",""183dd00e-66f2-4cae-a709-35f2d40e75c7"",""258e3529-4f4a-452f-b624-6ac3a4b62d6d"",""3a9217b3-eedf-4c86-97a0-44b77c511bed"",""545d6896-0933-4337-9f0e-1d8156a6f174"",""5ce7e73e-07e8-43c2-b26b-f8cd4a02b135"",""60f8b235-e70f-4f6c-a2a9-3cd20d0972a1"",""eddc6881-af3e-4cea-bd57-ad1f4e022624""]"
KEXP 90.3 FM,kexp,0.9015827939587969,10,0,"[{""key"":""love"",""name"":""Love"",""spinId"":3691452,""canonical"":false,""recording"":""086fef90-7e9a-42d5-b3cb-47b529cafdbe""},{""key"":""c8d60780-4293-43e2-8e9e-3532a430d748"",""name"":""The Claypool Lennon Delirium"",""spinId"":3691417,""canonical"":true,""recording"":""183dd00e-66f2-4cae-a709-35f2d40e75c7""},{""key"":""37e3dd97-73f9-4c69-b50d-0c0e3c47c40c"",""name"":""Catherine Wheel"",""spinId"":3651581,""canonical"":true,""recording"":""366ccd4a-52c2-4633-9347-aa01fc475a31""},{""key"":""the budos band"",""name"":""The Budos Band"",""spinId"":3661176,""canonical"":false,""recording"":""384fb2f7-a264-4e1a-8d86-ff22f1a538bf""},{""key"":""alex henry foster feat. momoka tobari"",""name"":""Alex Henry Foster feat. Momoka Tobari"",""spinId"":3805733,""canonical"":false,""recording"":""655cf78c-b18d-4910-9bfe-3635319b5ca5""},{""key"":""rosalía"",""name"":""ROSALÍA"",""spinId"":3788121,""canonical"":false,""recording"":""6fb6ba14-288a-4551-ba61-68c63f0a9f83""},{""key"":""slow pulp"",""name"":""Slow Pulp"",""spinId"":3739017,""canonical"":false,""recording"":""810d2896-2dce-4620-80e2-22f888fd1e3a""},{""key"":""mildlife"",""name"":""Mildlife"",""spinId"":3711635,""canonical"":false,""recording"":""9aa5f8f6-963a-4a5a-b243-932faef0518c""},{""key"":""4ba8a084-2772-400f-9738-6736895c965d"",""name"":""Chat Pile"",""spinId"":3747700,""canonical"":true,""recording"":""ca6bee81-2fc0-499a-8105-8c8c45b1c092""}]","[""086fef90-7e9a-42d5-b3cb-47b529cafdbe"",""183dd00e-66f2-4cae-a709-35f2d40e75c7"",""366ccd4a-52c2-4633-9347-aa01fc475a31"",""384fb2f7-a264-4e1a-8d86-ff22f1a538bf"",""655cf78c-b18d-4910-9bfe-3635319b5ca5"",""6fb6ba14-288a-4551-ba61-68c63f0a9f83"",""810d2896-2dce-4620-80e2-22f888fd1e3a"",""9aa5f8f6-963a-4a5a-b243-932faef0518c"",""ca6bee81-2fc0-499a-8105-8c8c45b1c092""]"
NEU RADIO,neu-radio,0.8960022919159365,3,7,"[{""key"":""neu!"",""name"":""Neu!"",""spinId"":3638806,""canonical"":false,""recording"":""08f9bb81-bb11-4de0-8d1e-18b8f5abb87d""},{""key"":""7a0f02e0-0ab8-4a62-9e14-c6925cfaed07"",""name"":""Suicide"",""spinId"":3708212,""canonical"":true,""recording"":""170de00c-0c38-45ac-b85d-780828b63a44""},{""key"":""aaae25bf-c794-45d7-bab7-cdc7c655bfa6"",""name"":""Broadcast"",""spinId"":3674962,""canonical"":true,""recording"":""1abed171-66d8-4955-8289-8cc39505a975""},{""key"":""d5cc67b8-1cc4-453b-96e8-44487acdebea"",""name"":""Beach House"",""spinId"":3819029,""canonical"":true,""recording"":""2bc5c643-58a0-4dc5-8953-d7a471b4e4bf""},{""key"":""b10bbbfc-cf9e-42e0-be17-e2c3e1d2600d"",""name"":""The Beatles"",""spinId"":3723471,""canonical"":true,""recording"":""654ca507-286d-4352-b210-a1bc8c0cc892""},{""key"":""d5cc67b8-1cc4-453b-96e8-44487acdebea"",""name"":""Beach House"",""spinId"":3866143,""canonical"":true,""recording"":""6895d42d-2601-4482-a65c-f416f312c641""},{""key"":""d5cc67b8-1cc4-453b-96e8-44487acdebea"",""name"":""Beach House"",""spinId"":3866104,""canonical"":true,""recording"":""6895d42d-2601-4482-a65c-f416f312c641""},{""key"":""c4ff10e0-ae5a-467d-a409-6e0b4bf241eb"",""name"":""Perfume Genius"",""spinId"":3787515,""canonical"":true,""recording"":""7d271bb7-4462-4358-9f73-f7a25d4ae585""},{""key"":""c4ff10e0-ae5a-467d-a409-6e0b4bf241eb"",""name"":""Perfume Genius"",""spinId"":3696822,""canonical"":true,""recording"":""87631743-4263-40e1-8dcb-4f673b603507""},{""key"":""4e2d192e-3d63-4f6e-b684-9e3d9165bdb4"",""name"":""Breanna Barbara"",""spinId"":3732830,""canonical"":true,""recording"":""be20f16c-7935-46f5-b60f-74778bf5f7f4""},{""key"":""kokoroko"",""name"":""Kokoroko"",""spinId"":3772299,""canonical"":false,""recording"":""f091cf76-14fb-4e56-a79a-830f5257d7c5""}]","[""08f9bb81-bb11-4de0-8d1e-18b8f5abb87d"",""170de00c-0c38-45ac-b85d-780828b63a44"",""1abed171-66d8-4955-8289-8cc39505a975"",""2bc5c643-58a0-4dc5-8953-d7a471b4e4bf"",""654ca507-286d-4352-b210-a1bc8c0cc892"",""6895d42d-2601-4482-a65c-f416f312c641"",""7d271bb7-4462-4358-9f73-f7a25d4ae585"",""87631743-4263-40e1-8dcb-4f673b603507"",""be20f16c-7935-46f5-b60f-74778bf5f7f4"",""f091cf76-14fb-4e56-a79a-830f5257d7c5""]"
Yammat FM,yammat-fm,0.8938746548583497,2,7,"[{""key"":""40f5d9e4-2de7-4f2d-ad41-e31a9a9fea27"",""name"":""The Smiths"",""spinId"":3648085,""canonical"":true,""recording"":""06cb1f5a-6b7f-478e-878f-39b5e7c4ff45""},{""key"":""8538e728-ca0b-4321-b7e5-cff6565dd4c0"",""name"":""Depeche Mode"",""spinId"":3803013,""canonical"":true,""recording"":""1765adcf-9958-42b0-8736-73317f1e930b""},{""key"":""74963434-dcb6-4b14-98cc-99873b06db66"",""name"":""Future Islands"",""spinId"":3709081,""canonical"":true,""recording"":""1e8ca2ae-60cf-4ef9-97a2-643159afb4da""},{""key"":""teddy swims"",""name"":""TEDDY SWIMS"",""spinId"":3788830,""canonical"":false,""recording"":""236c660c-ab9f-4d35-9659-aa47f256b1bf""},{""key"":""teddy swims"",""name"":""TEDDY SWIMS"",""spinId"":3659406,""canonical"":false,""recording"":""236c660c-ab9f-4d35-9659-aa47f256b1bf""},{""key"":""5a2e9cd3-010a-4aae-9f83-629253284202"",""name"":""Sharon Van Etten"",""spinId"":3860978,""canonical"":true,""recording"":""3a85f309-8a77-4a59-8f19-5a37687cdeaf""},{""key"":""11f570ff-44d9-4e9c-8812-e6d56103c5c1"",""name"":""Michael Kiwanuka"",""spinId"":3667764,""canonical"":true,""recording"":""537eff0a-3f6f-487e-9c0c-a34a873c9971""},{""key"":""chromeo"",""name"":""Chromeo"",""spinId"":3812247,""canonical"":false,""recording"":""6214ce7f-c069-4ac3-80c9-b51073f283bd""},{""key"":""74963434-dcb6-4b14-98cc-99873b06db66"",""name"":""Future Islands"",""spinId"":3859998,""canonical"":true,""recording"":""997aa6e6-a8a7-44fa-acfe-0a1fc0cb19e7""},{""key"":""74963434-dcb6-4b14-98cc-99873b06db66"",""name"":""Future Islands"",""spinId"":3860016,""canonical"":true,""recording"":""997aa6e6-a8a7-44fa-acfe-0a1fc0cb19e7""},{""key"":""69158f97-4c07-4c4e-baf8-4e4ab1ed666e"",""name"":""Boards of Canada"",""spinId"":3748758,""canonical"":true,""recording"":""e5f8791c-3042-4d08-bd75-c39bdc0f3ac9""}]","[""06cb1f5a-6b7f-478e-878f-39b5e7c4ff45"",""1765adcf-9958-42b0-8736-73317f1e930b"",""1e8ca2ae-60cf-4ef9-97a2-643159afb4da"",""236c660c-ab9f-4d35-9659-aa47f256b1bf"",""3a85f309-8a77-4a59-8f19-5a37687cdeaf"",""537eff0a-3f6f-487e-9c0c-a34a873c9971"",""6214ce7f-c069-4ac3-80c9-b51073f283bd"",""997aa6e6-a8a7-44fa-acfe-0a1fc0cb19e7"",""e5f8791c-3042-4d08-bd75-c39bdc0f3ac9""]"
HEADY,heady,0.8867690009714415,6,2,"[{""key"":""2aaf7396-6ab8-40f3-9776-a41c42c8e26b"",""name"":""LCD Soundsystem"",""spinId"":3765748,""canonical"":true,""recording"":""3e74e764-5891-422d-a0b4-4eae0a6cf216""},{""key"":""the walkmen"",""name"":""The Walkmen"",""spinId"":3653543,""canonical"":false,""recording"":""41d791a6-cb96-419a-b81a-a4de759e058b""},{""key"":""06181fca-00bf-4f50-9d8a-39fd0efb879e"",""name"":""Sugar Candy Mountain"",""spinId"":3677232,""canonical"":true,""recording"":""444ff020-dd14-4e30-bbea-16adc73a7037""},{""key"":""584c04d2-4acc-491b-8a0a-e63133f4bfc4"",""name"":""Yeah Yeah Yeahs"",""spinId"":3854779,""canonical"":true,""recording"":""52b4b6ab-cc90-4a44-a5ee-ca8dbcf8cf2b""},{""key"":""584c04d2-4acc-491b-8a0a-e63133f4bfc4"",""name"":""Yeah Yeah Yeahs"",""spinId"":3854799,""canonical"":true,""recording"":""52b4b6ab-cc90-4a44-a5ee-ca8dbcf8cf2b""},{""key"":""die spitz"",""name"":""Die Spitz"",""spinId"":3688685,""canonical"":false,""recording"":""5ada0395-c868-4499-8b59-60046cce5d84""},{""key"":""die spitz"",""name"":""Die Spitz"",""spinId"":3652410,""canonical"":false,""recording"":""5ada0395-c868-4499-8b59-60046cce5d84""},{""key"":""die spitz"",""name"":""Die Spitz"",""spinId"":3771262,""canonical"":false,""recording"":""5ada0395-c868-4499-8b59-60046cce5d84""},{""key"":""die spitz"",""name"":""Die Spitz"",""spinId"":3752022,""canonical"":false,""recording"":""5ada0395-c868-4499-8b59-60046cce5d84""},{""key"":""slow pulp"",""name"":""Slow Pulp"",""spinId"":3739486,""canonical"":false,""recording"":""810d2896-2dce-4620-80e2-22f888fd1e3a""},{""key"":""slow pulp"",""name"":""Slow Pulp"",""spinId"":3795565,""canonical"":false,""recording"":""810d2896-2dce-4620-80e2-22f888fd1e3a""},{""key"":""slow pulp"",""name"":""Slow Pulp"",""spinId"":3630997,""canonical"":false,""recording"":""810d2896-2dce-4620-80e2-22f888fd1e3a""},{""key"":""slow pulp"",""name"":""Slow Pulp"",""spinId"":3711356,""canonical"":false,""recording"":""810d2896-2dce-4620-80e2-22f888fd1e3a""},{""key"":""slow pulp"",""name"":""Slow Pulp"",""spinId"":3739485,""canonical"":false,""recording"":""810d2896-2dce-4620-80e2-22f888fd1e3a""},{""key"":""slow pulp"",""name"":""Slow Pulp"",""spinId"":3817777,""canonical"":false,""recording"":""810d2896-2dce-4620-80e2-22f888fd1e3a""},{""key"":""slow pulp"",""name"":""Slow Pulp"",""spinId"":3817782,""canonical"":false,""recording"":""810d2896-2dce-4620-80e2-22f888fd1e3a""},{""key"":""dehd"",""name"":""Dehd"",""spinId"":3706419,""canonical"":false,""recording"":""9d0687c2-cc3c-4bda-af89-926aad0b022f""},{""key"":""4173ee0d-e003-496a-98eb-a2eaa90cb3f7"",""name"":""Nilüfer Yanya"",""spinId"":3753950,""canonical"":true,""recording"":""eab69cf9-4cca-4ffb-b394-198275b2cd77""}]","[""3e74e764-5891-422d-a0b4-4eae0a6cf216"",""41d791a6-cb96-419a-b81a-a4de759e058b"",""444ff020-dd14-4e30-bbea-16adc73a7037"",""52b4b6ab-cc90-4a44-a5ee-ca8dbcf8cf2b"",""5ada0395-c868-4499-8b59-60046cce5d84"",""810d2896-2dce-4620-80e2-22f888fd1e3a"",""9d0687c2-cc3c-4bda-af89-926aad0b022f"",""eab69cf9-4cca-4ffb-b394-198275b2cd77""]"
FIP Rock,fip-rock,0.8808551002174203,1,6,"[{""key"":""7a0f02e0-0ab8-4a62-9e14-c6925cfaed07"",""name"":""Suicide"",""spinId"":3713493,""canonical"":true,""recording"":""0d3e3f4a-82fa-41d9-a482-b365c9641dbd""},{""key"":""1f43d76f-8edf-44f6-aaf1-b65f05ad9402"",""name"":""The Flaming Lips"",""spinId"":3778718,""canonical"":true,""recording"":""155ce420-d12b-4007-85d7-6c7f3f62b930""},{""key"":""83b9cbe7-9857-49e2-ab8e-b57b01038103"",""name"":""Pearl Jam"",""spinId"":3679200,""canonical"":true,""recording"":""1a5910e2-b267-4c7c-94cd-9f83f6b7e398""},{""key"":""83d91898-7763-47d7-b03b-b92132375c47"",""name"":""Pink Floyd"",""spinId"":3793649,""canonical"":true,""recording"":""2034bdb6-c60e-4a13-8fac-1dbcfe08c0bf""},{""key"":""c842d29f-a297-48cd-bb71-4f77fd672b16"",""name"":""T. Rex"",""spinId"":3737856,""canonical"":true,""recording"":""3666c172-c65b-4ba9-be6f-ac19e9ace992""},{""key"":""d4659efb-b8eb-4f03-95e9-f69ce35967a9"",""name"":""David Byrne"",""spinId"":3756919,""canonical"":true,""recording"":""47cb3b34-266a-4ad5-bfdf-bf797dcd407a""},{""key"":""c4ff10e0-ae5a-467d-a409-6e0b4bf241eb"",""name"":""Perfume Genius"",""spinId"":3846744,""canonical"":true,""recording"":""8202b817-9c35-4542-8fd8-f8bb5b2eac1a""},{""key"":""c4ff10e0-ae5a-467d-a409-6e0b4bf241eb"",""name"":""Perfume Genius"",""spinId"":3846693,""canonical"":true,""recording"":""8202b817-9c35-4542-8fd8-f8bb5b2eac1a""}]","[""0d3e3f4a-82fa-41d9-a482-b365c9641dbd"",""155ce420-d12b-4007-85d7-6c7f3f62b930"",""1a5910e2-b267-4c7c-94cd-9f83f6b7e398"",""2034bdb6-c60e-4a13-8fac-1dbcfe08c0bf"",""3666c172-c65b-4ba9-be6f-ac19e9ace992"",""47cb3b34-266a-4ad5-bfdf-bf797dcd407a"",""8202b817-9c35-4542-8fd8-f8bb5b2eac1a""]"
Super45.fm,super45-fm,0.8488137700637857,1,9,"[{""key"":""love"",""name"":""Love"",""spinId"":3735414,""canonical"":false,""recording"":""086fef90-7e9a-42d5-b3cb-47b529cafdbe""},{""key"":""40f5d9e4-2de7-4f2d-ad41-e31a9a9fea27"",""name"":""The Smiths"",""spinId"":3799554,""canonical"":true,""recording"":""101e7e01-f90e-4471-adee-99ed04ed6fee""},{""key"":""aaae25bf-c794-45d7-bab7-cdc7c655bfa6"",""name"":""Broadcast"",""spinId"":3736665,""canonical"":true,""recording"":""29c8ff4c-e7c2-42a4-bd34-41bcff613afc""},{""key"":""aaae25bf-c794-45d7-bab7-cdc7c655bfa6"",""name"":""Broadcast"",""spinId"":3683834,""canonical"":true,""recording"":""2ae94d47-9b01-49e1-a522-54891ea857af""},{""key"":""d5cc67b8-1cc4-453b-96e8-44487acdebea"",""name"":""Beach House"",""spinId"":3810571,""canonical"":true,""recording"":""453f5300-0302-45e9-bee8-935ce043afd4""},{""key"":""b10bbbfc-cf9e-42e0-be17-e2c3e1d2600d"",""name"":""The Beatles"",""spinId"":3655349,""canonical"":true,""recording"":""6177851f-933e-4abb-a021-3d2dd220efb5""},{""key"":""9b5ae4cc-15ae-4f0b-8a4e-8c44e42ba52a"",""name"":""La Luz"",""spinId"":3722432,""canonical"":true,""recording"":""6cb0831e-e732-4807-9bcc-b10f78b532d6""},{""key"":""2aaf7396-6ab8-40f3-9776-a41c42c8e26b"",""name"":""LCD Soundsystem"",""spinId"":3693241,""canonical"":true,""recording"":""8912139e-1f70-4fb4-a876-7061b215e8d5""},{""key"":""d5cc67b8-1cc4-453b-96e8-44487acdebea"",""name"":""Beach House"",""spinId"":3677254,""canonical"":true,""recording"":""ac8591c6-3367-4ead-a37e-3cf8537f4122""},{""key"":""aaae25bf-c794-45d7-bab7-cdc7c655bfa6"",""name"":""Broadcast"",""spinId"":3843945,""canonical"":true,""recording"":""af1aaa10-fab5-40b7-809d-8fadcf2eeb72""}]","[""086fef90-7e9a-42d5-b3cb-47b529cafdbe"",""101e7e01-f90e-4471-adee-99ed04ed6fee"",""29c8ff4c-e7c2-42a4-bd34-41bcff613afc"",""2ae94d47-9b01-49e1-a522-54891ea857af"",""453f5300-0302-45e9-bee8-935ce043afd4"",""6177851f-933e-4abb-a021-3d2dd220efb5"",""6cb0831e-e732-4807-9bcc-b10f78b532d6"",""8912139e-1f70-4fb4-a876-7061b215e8d5"",""ac8591c6-3367-4ead-a37e-3cf8537f4122"",""af1aaa10-fab5-40b7-809d-8fadcf2eeb72""]"
FIP,fip-main,0.8423424087631561,2,5,"[{""key"":""ff9542ca-7859-4db2-8796-c1e3c39b9c0a"",""name"":""Shuggie Otis"",""spinId"":3808260,""canonical"":true,""recording"":""17fbf378-cb77-49ec-bbdc-52a058dd0cc7""},{""key"":""83d91898-7763-47d7-b03b-b92132375c47"",""name"":""Pink Floyd"",""spinId"":3790427,""canonical"":true,""recording"":""1bfdc39a-108b-48ec-8b18-982cd2baab6e""},{""key"":""1ee18fb3-18a6-4c7f-8ba0-bc41cdd0462e"",""name"":""Stevie Wonder"",""spinId"":3665673,""canonical"":true,""recording"":""4b133a57-84b0-43cf-b5dd-a896ab7fae1e""},{""key"":""d922d727-240a-4432-9a88-05a7cf9bc403"",""name"":""Wings"",""spinId"":3798540,""canonical"":true,""recording"":""4c73be9f-af53-402c-a8e5-8150d7e98e9c""},{""key"":""cd5799f6-e6cf-4322-a659-96f5de4a2f6c"",""name"":""Altın Gün"",""spinId"":3813070,""canonical"":true,""recording"":""a03c7375-06cf-45fd-8f9c-eecb7f4f1498""},{""key"":""1ee18fb3-18a6-4c7f-8ba0-bc41cdd0462e"",""name"":""Stevie Wonder"",""spinId"":3758188,""canonical"":true,""recording"":""e02d4d8d-523c-42d2-9eed-a2e06fb97c50""},{""key"":""74fa159c-cad0-474f-97c0-e97a27044c19"",""name"":""Ghost Power"",""spinId"":3806906,""canonical"":true,""recording"":""ffaf34f2-fa02-4728-a738-4b469d502b3e""}]","[""17fbf378-cb77-49ec-bbdc-52a058dd0cc7"",""1bfdc39a-108b-48ec-8b18-982cd2baab6e"",""4b133a57-84b0-43cf-b5dd-a896ab7fae1e"",""4c73be9f-af53-402c-a8e5-8150d7e98e9c"",""a03c7375-06cf-45fd-8f9c-eecb7f4f1498"",""e02d4d8d-523c-42d2-9eed-a2e06fb97c50"",""ffaf34f2-fa02-4728-a738-4b469d502b3e""]"
KVSC 88.1 FM,kvsc,0.8263492625002674,2,5,"[{""key"":""1f43d76f-8edf-44f6-aaf1-b65f05ad9402"",""name"":""The Flaming Lips"",""spinId"":3682146,""canonical"":true,""recording"":""02b609a6-7881-4b9f-bfa3-35e51838d656""},{""key"":""40f5d9e4-2de7-4f2d-ad41-e31a9a9fea27"",""name"":""The Smiths"",""spinId"":3684320,""canonical"":true,""recording"":""12b4fae9-bf00-41b6-968f-fc74f10d564b""},{""key"":""5a2e9cd3-010a-4aae-9f83-629253284202"",""name"":""Sharon Van Etten"",""spinId"":3696240,""canonical"":true,""recording"":""2ec41fe3-f424-4f09-9518-99c20673cc9d""},{""key"":""1f43d76f-8edf-44f6-aaf1-b65f05ad9402"",""name"":""The Flaming Lips"",""spinId"":3769965,""canonical"":true,""recording"":""40f3ca80-1d4c-4ce6-80f3-00ea3de19d86""},{""key"":""slow pulp"",""name"":""Slow Pulp"",""spinId"":3768271,""canonical"":false,""recording"":""810d2896-2dce-4620-80e2-22f888fd1e3a""},{""key"":""slow pulp"",""name"":""Slow Pulp"",""spinId"":3676739,""canonical"":false,""recording"":""810d2896-2dce-4620-80e2-22f888fd1e3a""},{""key"":""4173ee0d-e003-496a-98eb-a2eaa90cb3f7"",""name"":""Nilüfer Yanya"",""spinId"":3848011,""canonical"":true,""recording"":""8f4a94c7-4c09-43d9-9b19-4841bd013616""},{""key"":""4ba8a084-2772-400f-9738-6736895c965d"",""name"":""Chat Pile"",""spinId"":3810814,""canonical"":true,""recording"":""db71791e-a2f9-459b-984e-da79d8386864""}]","[""02b609a6-7881-4b9f-bfa3-35e51838d656"",""12b4fae9-bf00-41b6-968f-fc74f10d564b"",""2ec41fe3-f424-4f09-9518-99c20673cc9d"",""40f3ca80-1d4c-4ce6-80f3-00ea3de19d86"",""810d2896-2dce-4620-80e2-22f888fd1e3a"",""8f4a94c7-4c09-43d9-9b19-4841bd013616"",""db71791e-a2f9-459b-984e-da79d8386864""]"
WXYC 89.3 FM,wxyc,0.8111193984030677,1,7,"[{""key"":""4b585938-f271-45e2-b19a-91c634b5e396"",""name"":""Kate Bush"",""spinId"":3654659,""canonical"":true,""recording"":""0349ac8a-9783-4284-a6ce-eb21dd4484ac""},{""key"":""2aaf7396-6ab8-40f3-9776-a41c42c8e26b"",""name"":""LCD Soundsystem"",""spinId"":3839742,""canonical"":true,""recording"":""1721b375-5454-48fb-9cf8-884bf4cdc5ee""},{""key"":""83d91898-7763-47d7-b03b-b92132375c47"",""name"":""Pink Floyd"",""spinId"":3720850,""canonical"":true,""recording"":""3043e53c-9dda-4970-8670-abe1fa336e55""},{""key"":""4b585938-f271-45e2-b19a-91c634b5e396"",""name"":""Kate Bush"",""spinId"":3801258,""canonical"":true,""recording"":""33137503-0ebf-4b6b-a7ce-cc71df5865df""},{""key"":""b10bbbfc-cf9e-42e0-be17-e2c3e1d2600d"",""name"":""The Beatles"",""spinId"":3800743,""canonical"":true,""recording"":""5c1fa2f5-4e42-440c-b2c9-966cd20fa254""},{""key"":""044fd265-79dd-43eb-afc4-8b20becf7e17"",""name"":""Thundercat"",""spinId"":3842816,""canonical"":true,""recording"":""6cf6504f-e47b-4bda-91a6-e07717baff4e""},{""key"":""83d91898-7763-47d7-b03b-b92132375c47"",""name"":""Pink Floyd"",""spinId"":3678896,""canonical"":true,""recording"":""89fa5e12-b898-44c6-9d62-2fac4ed5565c""},{""key"":""d5cc67b8-1cc4-453b-96e8-44487acdebea"",""name"":""Beach House"",""spinId"":3812736,""canonical"":true,""recording"":""c8251635-ed63-4b2f-8268-4bb8da056ccb""}]","[""0349ac8a-9783-4284-a6ce-eb21dd4484ac"",""1721b375-5454-48fb-9cf8-884bf4cdc5ee"",""3043e53c-9dda-4970-8670-abe1fa336e55"",""33137503-0ebf-4b6b-a7ce-cc71df5865df"",""5c1fa2f5-4e42-440c-b2c9-966cd20fa254"",""6cf6504f-e47b-4bda-91a6-e07717baff4e"",""89fa5e12-b898-44c6-9d62-2fac4ed5565c"",""c8251635-ed63-4b2f-8268-4bb8da056ccb""]"
Radyo A (Radyo Anadolu Üniversitesi),radyo-a-radyo-anadolu-niversitesi,0.8028202043719201,1,8,"[{""key"":""83b9cbe7-9857-49e2-ab8e-b57b01038103"",""name"":""Pearl Jam"",""spinId"":3806543,""canonical"":true,""recording"":""082765e1-538c-4b62-8f30-4e974d2b7a89""},{""key"":""83b9cbe7-9857-49e2-ab8e-b57b01038103"",""name"":""Pearl Jam"",""spinId"":3723373,""canonical"":true,""recording"":""0edc368d-b517-4adb-8cca-31cc646ef435""},{""key"":""83b9cbe7-9857-49e2-ab8e-b57b01038103"",""name"":""Pearl Jam"",""spinId"":3865659,""canonical"":true,""recording"":""109e3129-82b8-4855-a12b-5fc45efeff47""},{""key"":""83d91898-7763-47d7-b03b-b92132375c47"",""name"":""Pink Floyd"",""spinId"":3646884,""canonical"":true,""recording"":""2a3bddac-ec40-40d2-9c84-8406c8278f46""},{""key"":""83b9cbe7-9857-49e2-ab8e-b57b01038103"",""name"":""Pearl Jam"",""spinId"":3677419,""canonical"":true,""recording"":""3fe194a2-e2b8-4037-941b-b54fcf71cc73""},{""key"":""1ee18fb3-18a6-4c7f-8ba0-bc41cdd0462e"",""name"":""Stevie Wonder"",""spinId"":3634322,""canonical"":true,""recording"":""5faab2b0-5890-4740-8f50-b57d98c3b317""},{""key"":""74963434-dcb6-4b14-98cc-99873b06db66"",""name"":""Future Islands"",""spinId"":3683714,""canonical"":true,""recording"":""676780fb-fb3d-43bf-9676-8f93b3f361a5""},{""key"":""temples"",""name"":""TEMPLES"",""spinId"":3655258,""canonical"":false,""recording"":""a689c520-4789-44fd-af36-33c9a572fb1a""},{""key"":""044fd265-79dd-43eb-afc4-8b20becf7e17"",""name"":""Thundercat"",""spinId"":3810857,""canonical"":true,""recording"":""e5c4cbbd-4828-42cf-bafb-b61398789eba""}]","[""082765e1-538c-4b62-8f30-4e974d2b7a89"",""0edc368d-b517-4adb-8cca-31cc646ef435"",""109e3129-82b8-4855-a12b-5fc45efeff47"",""2a3bddac-ec40-40d2-9c84-8406c8278f46"",""3fe194a2-e2b8-4037-941b-b54fcf71cc73"",""5faab2b0-5890-4740-8f50-b57d98c3b317"",""676780fb-fb3d-43bf-9676-8f93b3f361a5"",""a689c520-4789-44fd-af36-33c9a572fb1a"",""e5c4cbbd-4828-42cf-bafb-b61398789eba""]"
WPKN 89.5 FM,wpkn,0.7863220134817253,2,4,"[{""key"":""7682d624-9e0b-45b2-b7d0-d1b18b3ebd05"",""name"":""Vieux Farka Touré"",""spinId"":3769798,""canonical"":true,""recording"":""12993fad-3ab8-4652-95f5-8a5f923eb482""},{""key"":""ff9542ca-7859-4db2-8796-c1e3c39b9c0a"",""name"":""Shuggie Otis"",""spinId"":3723980,""canonical"":true,""recording"":""22f5fd3d-cb39-4a2f-b655-11efbe27e313""},{""key"":""e01c3376-15fa-40d7-b747-5f219bdefdd7"",""name"":""Steely Dan"",""spinId"":3723630,""canonical"":true,""recording"":""3a5b020a-50c9-4f80-92ed-8b1b085386fc""},{""key"":""140bd83c-475b-4eb3-bf82-27ff4dc92abc"",""name"":""Arc De Soleil"",""spinId"":3767807,""canonical"":true,""recording"":""7d7ece90-f655-4fcb-9571-18b77d72f883""},{""key"":""140bd83c-475b-4eb3-bf82-27ff4dc92abc"",""name"":""Arc De Soleil"",""spinId"":3768948,""canonical"":true,""recording"":""95cf81c3-e8c1-4ead-b345-adb21c947f63""},{""key"":""5a2e9cd3-010a-4aae-9f83-629253284202"",""name"":""Sharon Van Etten"",""spinId"":3844359,""canonical"":true,""recording"":""a9772c6b-3463-426b-828a-368ebf72d3d0""}]","[""12993fad-3ab8-4652-95f5-8a5f923eb482"",""22f5fd3d-cb39-4a2f-b655-11efbe27e313"",""3a5b020a-50c9-4f80-92ed-8b1b085386fc"",""7d7ece90-f655-4fcb-9571-18b77d72f883"",""95cf81c3-e8c1-4ead-b345-adb21c947f63"",""a9772c6b-3463-426b-828a-368ebf72d3d0""]"
KXLU 88.9 FM,kxlu,0.7765453054415137,2,3,"[{""key"":""9df0c0ec-619e-447d-a155-23e19d9c84ce"",""name"":""Viagra Boys"",""spinId"":3676746,""canonical"":true,""recording"":""0c4fbde2-c1c8-45cd-9128-4838378026cf""},{""key"":""2869c510-2679-4a3f-bf15-e5e8b49f2f28"",""name"":""Slint"",""spinId"":3632905,""canonical"":true,""recording"":""2374665d-f3b0-488a-9eb8-930b3699b1a0""},{""key"":""aaae25bf-c794-45d7-bab7-cdc7c655bfa6"",""name"":""Broadcast"",""spinId"":3733939,""canonical"":true,""recording"":""321a88a9-5ced-4f25-a6d7-39d318a18555""},{""key"":""9b5ae4cc-15ae-4f0b-8a4e-8c44e42ba52a"",""name"":""La Luz"",""spinId"":3736022,""canonical"":true,""recording"":""3a7f7e46-cebc-411d-934b-560bf696c744""},{""key"":""cca40a67-e959-46f8-a3f3-8a3f77d2da9e"",""name"":""Russian Circles"",""spinId"":3684557,""canonical"":true,""recording"":""7530c9d1-b6fe-490c-893b-22c17a5132c1""}]","[""0c4fbde2-c1c8-45cd-9128-4838378026cf"",""2374665d-f3b0-488a-9eb8-930b3699b1a0"",""321a88a9-5ced-4f25-a6d7-39d318a18555"",""3a7f7e46-cebc-411d-934b-560bf696c744"",""7530c9d1-b6fe-490c-893b-22c17a5132c1""]"
Candelight,candelight,0.7454652252394278,1,4,"[{""key"":""1ac3366a-a0e9-4a55-8f6e-796fce32a3b2"",""name"":""The Righteous Brothers"",""spinId"":3746917,""canonical"":true,""recording"":""042271ac-9b44-486f-aea1-ba4b3eb20959""},{""key"":""toto"",""name"":""Toto"",""spinId"":3780981,""canonical"":false,""recording"":""1817a221-7af5-4532-9333-0f34ec240523""},{""key"":""1ee18fb3-18a6-4c7f-8ba0-bc41cdd0462e"",""name"":""Stevie Wonder"",""spinId"":3651503,""canonical"":true,""recording"":""6af2a2a3-49dc-4861-b3ff-1c64d7f1f0c4""},{""key"":""b10bbbfc-cf9e-42e0-be17-e2c3e1d2600d"",""name"":""The Beatles"",""spinId"":3753341,""canonical"":true,""recording"":""b5846154-d289-4dbc-b0ad-7110818e319d""},{""key"":""f46bd570-5768-462e-b84c-c7c993bbf47e"",""name"":""The Eagles"",""spinId"":3705152,""canonical"":true,""recording"":""d754538f-9a63-43cf-9d07-736d4062706e""}]","[""042271ac-9b44-486f-aea1-ba4b3eb20959"",""1817a221-7af5-4532-9333-0f34ec240523"",""6af2a2a3-49dc-4861-b3ff-1c64d7f1f0c4"",""b5846154-d289-4dbc-b0ad-7110818e319d"",""d754538f-9a63-43cf-9d07-736d4062706e""]"
"WTMD 89.7 Towson University, MD",wtmd-89-7-towson-university-md,0.7424304338947392,3,2,"[{""key"":""9df0c0ec-619e-447d-a155-23e19d9c84ce"",""name"":""Viagra Boys"",""spinId"":3749448,""canonical"":true,""recording"":""0489fc23-42c8-4937-a1db-a0b29fb14117""},{""key"":""c842d29f-a297-48cd-bb71-4f77fd672b16"",""name"":""T. Rex"",""spinId"":3798597,""canonical"":true,""recording"":""3f4550de-3960-4142-9ce9-2e3bd6ddfaee""},{""key"":""the walkmen"",""name"":""The Walkmen"",""spinId"":3819176,""canonical"":false,""recording"":""41d791a6-cb96-419a-b81a-a4de759e058b""},{""key"":""the walkmen"",""name"":""The Walkmen"",""spinId"":3819179,""canonical"":false,""recording"":""41d791a6-cb96-419a-b81a-a4de759e058b""},{""key"":""48b0b244-a822-4f79-9bde-14a88217fe57"",""name"":""The Lazy Eyes"",""spinId"":3654802,""canonical"":true,""recording"":""603fac86-8c1a-4bf4-a71c-1f5b98eadc6c""},{""key"":""slow pulp"",""name"":""Slow Pulp"",""spinId"":3811331,""canonical"":false,""recording"":""810d2896-2dce-4620-80e2-22f888fd1e3a""}]","[""0489fc23-42c8-4937-a1db-a0b29fb14117"",""3f4550de-3960-4142-9ce9-2e3bd6ddfaee"",""41d791a6-cb96-419a-b81a-a4de759e058b"",""603fac86-8c1a-4bf4-a71c-1f5b98eadc6c"",""810d2896-2dce-4620-80e2-22f888fd1e3a""]"
Le Bon Mix Radio 97.9,le-bon-mix-radio-97-9,0.7056528581332816,0,5,"[{""key"":""be809d9a-5841-4733-ad12-979ad6047a22"",""name"":""Surprise Chef"",""spinId"":3750330,""canonical"":true,""recording"":""3c1b2ada-e3d4-4459-8aa1-00b3f448c494""},{""key"":""e01c3376-15fa-40d7-b747-5f219bdefdd7"",""name"":""Steely Dan"",""spinId"":3648982,""canonical"":true,""recording"":""53e9485b-6d9e-4bc3-9608-d19eb69efe72""},{""key"":""8538e728-ca0b-4321-b7e5-cff6565dd4c0"",""name"":""Depeche Mode"",""spinId"":3650687,""canonical"":true,""recording"":""54cdc8e7-8c1e-431d-84d0-570be87c0a66""},{""key"":""4b585938-f271-45e2-b19a-91c634b5e396"",""name"":""Kate Bush"",""spinId"":3752732,""canonical"":true,""recording"":""54f6d93c-9e9e-4108-bdaa-56080241ef03""},{""key"":""8538e728-ca0b-4321-b7e5-cff6565dd4c0"",""name"":""Depeche Mode"",""spinId"":3790151,""canonical"":true,""recording"":""b4f4b5b7-a8e7-4c4a-ad81-5240e76b4216""}]","[""3c1b2ada-e3d4-4459-8aa1-00b3f448c494"",""53e9485b-6d9e-4bc3-9608-d19eb69efe72"",""54cdc8e7-8c1e-431d-84d0-570be87c0a66"",""54f6d93c-9e9e-4108-bdaa-56080241ef03"",""b4f4b5b7-a8e7-4c4a-ad81-5240e76b4216""]"
WMFO 91.5 FM,wmfo,0.6666766599850258,1,3,"[{""key"":""1ac3366a-a0e9-4a55-8f6e-796fce32a3b2"",""name"":""The Righteous Brothers"",""spinId"":3660409,""canonical"":true,""recording"":""0abe9894-dfba-4c44-9c31-bb2efd3b3d30""},{""key"":""b10bbbfc-cf9e-42e0-be17-e2c3e1d2600d"",""name"":""The Beatles"",""spinId"":3813616,""canonical"":true,""recording"":""15c2a904-27b9-49db-a3e4-4c122b728ad9""},{""key"":""4b585938-f271-45e2-b19a-91c634b5e396"",""name"":""Kate Bush"",""spinId"":3842032,""canonical"":true,""recording"":""56e2a7ef-d771-4a69-8f13-2ad381c58342""},{""key"":""69158f97-4c07-4c4e-baf8-4e4ab1ed666e"",""name"":""Boards of Canada"",""spinId"":3674922,""canonical"":true,""recording"":""5ce7e73e-07e8-43c2-b26b-f8cd4a02b135""}]","[""0abe9894-dfba-4c44-9c31-bb2efd3b3d30"",""15c2a904-27b9-49db-a3e4-4c122b728ad9"",""56e2a7ef-d771-4a69-8f13-2ad381c58342"",""5ce7e73e-07e8-43c2-b26b-f8cd4a02b135""]"
RadioActive,radioactive,0.6659061963495797,1,4,"[{""key"":""0bbbc496-c7b5-4b3f-bb6d-bd312827d6e5"",""name"":""Roy Orbison"",""spinId"":3768300,""canonical"":true,""recording"":""1eea99ee-0562-4571-a415-e9bac323d126""},{""key"":""b10bbbfc-cf9e-42e0-be17-e2c3e1d2600d"",""name"":""The Beatles"",""spinId"":3767341,""canonical"":true,""recording"":""20d5df24-5ed3-46e6-ad2e-55be4dc7c5a2""},{""key"":""1ee18fb3-18a6-4c7f-8ba0-bc41cdd0462e"",""name"":""Stevie Wonder"",""spinId"":3849741,""canonical"":true,""recording"":""24c6bd6e-1ea5-4228-b3c1-e86872d49278""},{""key"":""1ee18fb3-18a6-4c7f-8ba0-bc41cdd0462e"",""name"":""Stevie Wonder"",""spinId"":3849694,""canonical"":true,""recording"":""24c6bd6e-1ea5-4228-b3c1-e86872d49278""},{""key"":""b10bbbfc-cf9e-42e0-be17-e2c3e1d2600d"",""name"":""The Beatles"",""spinId"":3761832,""canonical"":true,""recording"":""399ed152-406c-4866-a9dd-4ab21bb635ff""},{""key"":""kokoroko"",""name"":""Kokoroko"",""spinId"":3711726,""canonical"":false,""recording"":""f091cf76-14fb-4e56-a79a-830f5257d7c5""}]","[""1eea99ee-0562-4571-a415-e9bac323d126"",""20d5df24-5ed3-46e6-ad2e-55be4dc7c5a2"",""24c6bd6e-1ea5-4228-b3c1-e86872d49278"",""399ed152-406c-4866-a9dd-4ab21bb635ff"",""f091cf76-14fb-4e56-a79a-830f5257d7c5""]"
KCRW — Eclectic 24,kcrw-eclectic24,0.6574109390364375,1,3,"[{""key"":""74963434-dcb6-4b14-98cc-99873b06db66"",""name"":""Future Islands"",""spinId"":3681202,""canonical"":true,""recording"":""08fa7bb3-2786-4f29-bb21-da61ba8fd8e5""},{""key"":""e01c3376-15fa-40d7-b747-5f219bdefdd7"",""name"":""Steely Dan"",""spinId"":3752044,""canonical"":true,""recording"":""2c4681ad-32a3-42c7-bfa4-f6efeedf9eb9""},{""key"":""b10bbbfc-cf9e-42e0-be17-e2c3e1d2600d"",""name"":""The Beatles"",""spinId"":3746602,""canonical"":true,""recording"":""38780c6b-d6bc-462b-989e-f38b023496c6""},{""key"":""11f570ff-44d9-4e9c-8812-e6d56103c5c1"",""name"":""Michael Kiwanuka"",""spinId"":3767839,""canonical"":true,""recording"":""ca348cb3-ebec-43cf-8894-91566b252c41""}]","[""08fa7bb3-2786-4f29-bb21-da61ba8fd8e5"",""2c4681ad-32a3-42c7-bfa4-f6efeedf9eb9"",""38780c6b-d6bc-462b-989e-f38b023496c6"",""ca348cb3-ebec-43cf-8894-91566b252c41""]"
- 1 A - Relax von 1A Radio,1-a-relax-von-1a-radio,0.6320610956175063,3,1,"[{""key"":""toto"",""name"":""Toto"",""spinId"":3803077,""canonical"":false,""recording"":""1817a221-7af5-4532-9333-0f34ec240523""},{""key"":""bananarama"",""name"":""Bananarama"",""spinId"":3801257,""canonical"":false,""recording"":""22b148be-02ac-4ab5-810d-c0b23dbb6132""},{""key"":""teddy swims"",""name"":""TEDDY SWIMS"",""spinId"":3775433,""canonical"":false,""recording"":""236c660c-ab9f-4d35-9659-aa47f256b1bf""},{""key"":""d922d727-240a-4432-9a88-05a7cf9bc403"",""name"":""Wings"",""spinId"":3840047,""canonical"":true,""recording"":""60878d1d-18b8-4218-a091-1a5727450e68""}]","[""1817a221-7af5-4532-9333-0f34ec240523"",""22b148be-02ac-4ab5-810d-c0b23dbb6132"",""236c660c-ab9f-4d35-9659-aa47f256b1bf"",""60878d1d-18b8-4218-a091-1a5727450e68""]"
BBC 6 Music,bbc-6music,0.5685107296223626,0,5,"[{""key"":""044fd265-79dd-43eb-afc4-8b20becf7e17"",""name"":""Thundercat"",""spinId"":3763463,""canonical"":true,""recording"":""0d2bd0e1-66bb-453c-bb76-7c130c2fbc6a""},{""key"":""40f5d9e4-2de7-4f2d-ad41-e31a9a9fea27"",""name"":""The Smiths"",""spinId"":3801858,""canonical"":true,""recording"":""13ad09b5-737b-45ea-8498-a7a76f36ae70""},{""key"":""40f5d9e4-2de7-4f2d-ad41-e31a9a9fea27"",""name"":""The Smiths"",""spinId"":3801780,""canonical"":true,""recording"":""273fe503-b371-4173-bc1b-1d194bc937b9""},{""key"":""584c04d2-4acc-491b-8a0a-e63133f4bfc4"",""name"":""Yeah Yeah Yeahs"",""spinId"":3665607,""canonical"":true,""recording"":""4c058854-001e-4cb3-9790-6154e5b5328e""},{""key"":""40f5d9e4-2de7-4f2d-ad41-e31a9a9fea27"",""name"":""The Smiths"",""spinId"":3701278,""canonical"":true,""recording"":""dc6a629f-ba22-4b93-be5c-824cc27ce56b""}]","[""0d2bd0e1-66bb-453c-bb76-7c130c2fbc6a"",""13ad09b5-737b-45ea-8498-a7a76f36ae70"",""273fe503-b371-4173-bc1b-1d194bc937b9"",""4c058854-001e-4cb3-9790-6154e5b5328e"",""dc6a629f-ba22-4b93-be5c-824cc27ce56b""]"
Radio SAR - Studencka Agencja Radiowa,radio-sar-studencka-agencja-radiowa,0.5045025718758522,1,6,"[{""key"":""b10bbbfc-cf9e-42e0-be17-e2c3e1d2600d"",""name"":""The Beatles"",""spinId"":3833693,""canonical"":true,""recording"":""0a0323bd-aabe-4c65-9553-53afe396179a""},{""key"":""b10bbbfc-cf9e-42e0-be17-e2c3e1d2600d"",""name"":""The Beatles"",""spinId"":3833509,""canonical"":true,""recording"":""0a0323bd-aabe-4c65-9553-53afe396179a""},{""key"":""b10bbbfc-cf9e-42e0-be17-e2c3e1d2600d"",""name"":""The Beatles"",""spinId"":3724179,""canonical"":true,""recording"":""126c4867-f4d0-4aaa-ad77-7ebccf91e90a""},{""key"":""b10bbbfc-cf9e-42e0-be17-e2c3e1d2600d"",""name"":""The Beatles"",""spinId"":3654819,""canonical"":true,""recording"":""16df019b-8d17-4a16-9ea8-14e9608870c6""},{""key"":""83d91898-7763-47d7-b03b-b92132375c47"",""name"":""Pink Floyd"",""spinId"":3812978,""canonical"":true,""recording"":""2a422f2d-efc8-41b6-a873-396ca1a2c5ca""},{""key"":""b10bbbfc-cf9e-42e0-be17-e2c3e1d2600d"",""name"":""The Beatles"",""spinId"":3747319,""canonical"":true,""recording"":""313c52d3-bc7b-4dba-8cb4-c5ebe746e93a""},{""key"":""b10bbbfc-cf9e-42e0-be17-e2c3e1d2600d"",""name"":""The Beatles"",""spinId"":3747326,""canonical"":true,""recording"":""313c52d3-bc7b-4dba-8cb4-c5ebe746e93a""},{""key"":""lorn"",""name"":""LORN"",""spinId"":3633137,""canonical"":false,""recording"":""324ca42d-9ca4-4547-a3bc-e30f07e94d8f""},{""key"":""lorn"",""name"":""LORN"",""spinId"":3633073,""canonical"":false,""recording"":""324ca42d-9ca4-4547-a3bc-e30f07e94d8f""},{""key"":""lorn"",""name"":""LORN"",""spinId"":3709359,""canonical"":false,""recording"":""324ca42d-9ca4-4547-a3bc-e30f07e94d8f""},{""key"":""b10bbbfc-cf9e-42e0-be17-e2c3e1d2600d"",""name"":""The Beatles"",""spinId"":3736328,""canonical"":true,""recording"":""3324c693-28d8-46e9-9790-cbdfe12c48fe""}]","[""0a0323bd-aabe-4c65-9553-53afe396179a"",""126c4867-f4d0-4aaa-ad77-7ebccf91e90a"",""16df019b-8d17-4a16-9ea8-14e9608870c6"",""2a422f2d-efc8-41b6-a873-396ca1a2c5ca"",""313c52d3-bc7b-4dba-8cb4-c5ebe746e93a"",""324ca42d-9ca4-4547-a3bc-e30f07e94d8f"",""3324c693-28d8-46e9-9790-cbdfe12c48fe""]"
Nostalgie New York,nostalgie-new-york,0.4680640292818322,2,1,"[{""key"":""toto"",""name"":""Toto"",""spinId"":3823099,""canonical"":false,""recording"":""1817a221-7af5-4532-9333-0f34ec240523""},{""key"":""bananarama"",""name"":""Bananarama"",""spinId"":3713280,""canonical"":false,""recording"":""22b148be-02ac-4ab5-810d-c0b23dbb6132""},{""key"":""b10bbbfc-cf9e-42e0-be17-e2c3e1d2600d"",""name"":""The Beatles"",""spinId"":3850593,""canonical"":true,""recording"":""3d346819-1f90-4822-9a0f-97dd8f327535""}]","[""1817a221-7af5-4532-9333-0f34ec240523"",""22b148be-02ac-4ab5-810d-c0b23dbb6132"",""3d346819-1f90-4822-9a0f-97dd8f327535""]"
FIP Groove,fip-groove,0.42648303781379415,0,4,"[{""key"":""7d0e8067-10b9-4069-95dc-1110a0fbb877"",""name"":""Vulfpeck"",""spinId"":3793585,""canonical"":true,""recording"":""0b420e0e-7bb4-4280-b32d-1b35afea8216""},{""key"":""7d0e8067-10b9-4069-95dc-1110a0fbb877"",""name"":""Vulfpeck"",""spinId"":3755457,""canonical"":true,""recording"":""43c07023-2260-4341-8ab2-48e4c6f09efe""},{""key"":""1ee18fb3-18a6-4c7f-8ba0-bc41cdd0462e"",""name"":""Stevie Wonder"",""spinId"":3718863,""canonical"":true,""recording"":""65e8719e-0ebf-403f-ac21-bd9e61fcbef1""},{""key"":""1ee18fb3-18a6-4c7f-8ba0-bc41cdd0462e"",""name"":""Stevie Wonder"",""spinId"":3691745,""canonical"":true,""recording"":""ed011b9f-d37f-4da6-9c65-7700d7b0c26f""}]","[""0b420e0e-7bb4-4280-b32d-1b35afea8216"",""43c07023-2260-4341-8ab2-48e4c6f09efe"",""65e8719e-0ebf-403f-ac21-bd9e61fcbef1"",""ed011b9f-d37f-4da6-9c65-7700d7b0c26f""]"
WTBU 89.3 FM,wtbu,0.41237321070952837,0,2,"[{""key"":""8538e728-ca0b-4321-b7e5-cff6565dd4c0"",""name"":""Depeche Mode"",""spinId"":3794698,""canonical"":true,""recording"":""4f7522c7-e01f-419b-918e-83b281c2422d""},{""key"":""0bbbc496-c7b5-4b3f-bb6d-bd312827d6e5"",""name"":""Roy Orbison"",""spinId"":3803971,""canonical"":true,""recording"":""6c3bdf3c-f2a0-4826-a286-3ca4d897ee5c""}]","[""4f7522c7-e01f-419b-918e-83b281c2422d"",""6c3bdf3c-f2a0-4826-a286-3ca4d897ee5c""]"
WPRB 103.3 FM,wprb,0.40663587545633173,0,2,"[{""key"":""aaae25bf-c794-45d7-bab7-cdc7c655bfa6"",""name"":""Broadcast"",""spinId"":3757541,""canonical"":true,""recording"":""3efc3916-67f5-4dc2-9f2a-ab805d928541""},{""key"":""6a93cb2b-d33a-42fc-a41a-542e3a887ba6"",""name"":""The Voidz"",""spinId"":3674802,""canonical"":true,""recording"":""e3298189-8d37-498c-a626-52f5b1fa4d78""}]","[""3efc3916-67f5-4dc2-9f2a-ab805d928541"",""e3298189-8d37-498c-a626-52f5b1fa4d78""]"
All Oldies Channel,all-oldies-channel,0.40587917534074447,0,2,"[{""key"":""ad82dd72-0df3-4a09-8d7a-1af9c9e80522"",""name"":""Patsy Cline"",""spinId"":3685316,""canonical"":true,""recording"":""17b67b8b-936d-43e8-9864-3ef9ab95aa72""},{""key"":""57976431-1a5c-4968-a422-b92c5e9b0d4f"",""name"":""Glen Campbell"",""spinId"":3754438,""canonical"":true,""recording"":""1aa8c2b2-4f05-4e01-a032-83d01a8f6934""}]","[""17b67b8b-936d-43e8-9864-3ef9ab95aa72"",""1aa8c2b2-4f05-4e01-a032-83d01a8f6934""]"
WLUW 88.7 FM,wluw,0.3815296762621021,0,2,"[{""key"":""4173ee0d-e003-496a-98eb-a2eaa90cb3f7"",""name"":""Nilüfer Yanya"",""spinId"":3786393,""canonical"":true,""recording"":""9768733b-60f4-4928-b638-33fbb4d44f55""},{""key"":""9df0c0ec-619e-447d-a155-23e19d9c84ce"",""name"":""Viagra Boys"",""spinId"":3629921,""canonical"":true,""recording"":""bec481f2-66c9-4eff-a8e2-12fd0c7c58b9""}]","[""9768733b-60f4-4928-b638-33fbb4d44f55"",""bec481f2-66c9-4eff-a8e2-12fd0c7c58b9""]"
WHRB 95.3 FM,whrb,0.37837404137847197,0,4,"[{""key"":""1ee18fb3-18a6-4c7f-8ba0-bc41cdd0462e"",""name"":""Stevie Wonder"",""spinId"":3778464,""canonical"":true,""recording"":""09ee5754-990b-4a56-890d-a360ff6fd275""},{""key"":""1ee18fb3-18a6-4c7f-8ba0-bc41cdd0462e"",""name"":""Stevie Wonder"",""spinId"":3777457,""canonical"":true,""recording"":""2c30fa62-7567-48cf-816d-f5bc4b1ac7b4""},{""key"":""1ee18fb3-18a6-4c7f-8ba0-bc41cdd0462e"",""name"":""Stevie Wonder"",""spinId"":3779802,""canonical"":true,""recording"":""5e08e50e-e429-4754-8807-b54a903228e5""},{""key"":""4ba8a084-2772-400f-9738-6736895c965d"",""name"":""Chat Pile"",""spinId"":3672962,""canonical"":true,""recording"":""81ccf9cf-3a28-496c-80fc-b507374bdffa""}]","[""09ee5754-990b-4a56-890d-a360ff6fd275"",""2c30fa62-7567-48cf-816d-f5bc4b1ac7b4"",""5e08e50e-e429-4754-8807-b54a903228e5"",""81ccf9cf-3a28-496c-80fc-b507374bdffa""]"
CJSR 88.5 FM,cjsr,0.371392248750549,1,1,"[{""key"":""4ba8a084-2772-400f-9738-6736895c965d"",""name"":""Chat Pile"",""spinId"":3853969,""canonical"":true,""recording"":""ca6bee81-2fc0-499a-8105-8c8c45b1c092""},{""key"":""aaae25bf-c794-45d7-bab7-cdc7c655bfa6"",""name"":""Broadcast"",""spinId"":3836469,""canonical"":true,""recording"":""d50cc043-092b-43d3-a224-8ccf9d86b340""}]","[""ca6bee81-2fc0-499a-8105-8c8c45b1c092"",""d50cc043-092b-43d3-a224-8ccf9d86b340""]"
Traxx FM - Cool Jam,traxx-fm-cool-jam,0.3698275968148209,0,5,"[{""key"":""e01c3376-15fa-40d7-b747-5f219bdefdd7"",""name"":""Steely Dan"",""spinId"":3680600,""canonical"":true,""recording"":""04aef315-d4b1-49ca-9c4d-cb65175789f9""},{""key"":""1ee18fb3-18a6-4c7f-8ba0-bc41cdd0462e"",""name"":""Stevie Wonder"",""spinId"":3786360,""canonical"":true,""recording"":""0f4b7234-fc35-4a4d-bd99-8883eacc32ca""},{""key"":""1ee18fb3-18a6-4c7f-8ba0-bc41cdd0462e"",""name"":""Stevie Wonder"",""spinId"":3805665,""canonical"":true,""recording"":""1e47c899-2315-4b27-af68-bff837bad106""},{""key"":""1ee18fb3-18a6-4c7f-8ba0-bc41cdd0462e"",""name"":""Stevie Wonder"",""spinId"":3709759,""canonical"":true,""recording"":""431d88fc-677e-4dc0-b248-1e5dd9aa20a8""},{""key"":""1ee18fb3-18a6-4c7f-8ba0-bc41cdd0462e"",""name"":""Stevie Wonder"",""spinId"":3649261,""canonical"":true,""recording"":""8ad83803-0e2a-4678-8a2d-19f6f42450ef""}]","[""04aef315-d4b1-49ca-9c4d-cb65175789f9"",""0f4b7234-fc35-4a4d-bd99-8883eacc32ca"",""1e47c899-2315-4b27-af68-bff837bad106"",""431d88fc-677e-4dc0-b248-1e5dd9aa20a8"",""8ad83803-0e2a-4678-8a2d-19f6f42450ef""]"
WICB 91.7 FM,wicb,0.36780847614863266,1,2,"[{""key"":""tv on the radio"",""name"":""TV On The Radio"",""spinId"":3679254,""canonical"":false,""recording"":""284d1921-9877-4cf0-8a2f-8a79694f1454""},{""key"":""83b9cbe7-9857-49e2-ab8e-b57b01038103"",""name"":""Pearl Jam"",""spinId"":3796989,""canonical"":true,""recording"":""3f639c3f-2006-40a4-95b7-3faa0c11e7f4""},{""key"":""83b9cbe7-9857-49e2-ab8e-b57b01038103"",""name"":""Pearl Jam"",""spinId"":3839204,""canonical"":true,""recording"":""93b79aa0-f23b-4f8c-96a5-5bf242d72362""}]","[""284d1921-9877-4cf0-8a2f-8a79694f1454"",""3f639c3f-2006-40a4-95b7-3faa0c11e7f4"",""93b79aa0-f23b-4f8c-96a5-5bf242d72362""]"
Radio Paradise World/ETC Mix 192k MP3,radio-paradise-world-etc-mix-192k-mp3,0.3590158257790752,1,1,"[{""key"":""7682d624-9e0b-45b2-b7d0-d1b18b3ebd05"",""name"":""Vieux Farka Touré"",""spinId"":3808624,""canonical"":true,""recording"":""3234d12c-45f8-42af-ab27-758734f3e330""},{""key"":""cd5799f6-e6cf-4322-a659-96f5de4a2f6c"",""name"":""Altın Gün"",""spinId"":3845586,""canonical"":true,""recording"":""f7eb33db-bc09-4835-8f43-9de33f508891""}]","[""3234d12c-45f8-42af-ab27-758734f3e330"",""f7eb33db-bc09-4835-8f43-9de33f508891""]"
KUTX 98.9 FM,kutx,0.339451049543001,0,3,"[{""key"":""b10bbbfc-cf9e-42e0-be17-e2c3e1d2600d"",""name"":""The Beatles"",""spinId"":3649619,""canonical"":true,""recording"":""0f848f29-0ba4-44c2-91b8-a9fd3a6e2220""},{""key"":""b10bbbfc-cf9e-42e0-be17-e2c3e1d2600d"",""name"":""The Beatles"",""spinId"":3813837,""canonical"":true,""recording"":""1142604f-ddf0-40bf-be91-6646ec39471b""},{""key"":""b10bbbfc-cf9e-42e0-be17-e2c3e1d2600d"",""name"":""The Beatles"",""spinId"":3813729,""canonical"":true,""recording"":""1142604f-ddf0-40bf-be91-6646ec39471b""},{""key"":""83d91898-7763-47d7-b03b-b92132375c47"",""name"":""Pink Floyd"",""spinId"":3858762,""canonical"":true,""recording"":""42382013-ac4f-4cd8-a954-047a633b4bb5""},{""key"":""83d91898-7763-47d7-b03b-b92132375c47"",""name"":""Pink Floyd"",""spinId"":3858777,""canonical"":true,""recording"":""42382013-ac4f-4cd8-a954-047a633b4bb5""}]","[""0f848f29-0ba4-44c2-91b8-a9fd3a6e2220"",""1142604f-ddf0-40bf-be91-6646ec39471b"",""42382013-ac4f-4cd8-a954-047a633b4bb5""]"
dinamo.fm sleep,dinamo-fm-sleep,0.2024051920167378,1,1,"[{""key"":""f271fb3e-a850-484a-8854-d335da7a713c"",""name"":""Ekin Fil"",""spinId"":3716036,""canonical"":true,""recording"":""a9944423-796a-4ed0-bde5-9b7d3d9bd441""},{""key"":""f271fb3e-a850-484a-8854-d335da7a713c"",""name"":""Ekin Fil"",""spinId"":3725407,""canonical"":true,""recording"":""bb7cb727-a68d-4abc-8e6a-f09c230b09cf""}]","[""a9944423-796a-4ed0-bde5-9b7d3d9bd441"",""bb7cb727-a68d-4abc-8e6a-f09c230b09cf""]"
SomaFM Black Rock FM (128k AAC Non-SSL),somafm-black-rock-fm-128k-aac-non-ssl,0.18878517595707556,1,0,"[{""key"":""2e222fce-02ae-4221-b1c6-3c3242b423b6"",""name"":""ODESZA"",""spinId"":3802446,""canonical"":true,""recording"":""0013498a-813e-426f-aec4-afb8aa98e83d""}]","[""0013498a-813e-426f-aec4-afb8aa98e83d""]"
DKFM Classic,dkfm-classic,0.1785109892203961,0,6,"[{""key"":""37e3dd97-73f9-4c69-b50d-0c0e3c47c40c"",""name"":""Catherine Wheel"",""spinId"":3674849,""canonical"":true,""recording"":""07a18fe8-31c8-4ee7-90ae-6036aafc0876""},{""key"":""37e3dd97-73f9-4c69-b50d-0c0e3c47c40c"",""name"":""Catherine Wheel"",""spinId"":3804018,""canonical"":true,""recording"":""1519fb8e-3fa4-4510-83ea-047949a7a7c0""},{""key"":""37e3dd97-73f9-4c69-b50d-0c0e3c47c40c"",""name"":""Catherine Wheel"",""spinId"":3714517,""canonical"":true,""recording"":""1f0f005f-f229-4ae1-93dd-4f04f43357db""},{""key"":""37e3dd97-73f9-4c69-b50d-0c0e3c47c40c"",""name"":""Catherine Wheel"",""spinId"":3682107,""canonical"":true,""recording"":""2be9166e-2f66-4986-9f61-eb4359070fb4""},{""key"":""37e3dd97-73f9-4c69-b50d-0c0e3c47c40c"",""name"":""Catherine Wheel"",""spinId"":3768471,""canonical"":true,""recording"":""68c619e1-8180-4a04-aab3-7c4229963a66""},{""key"":""37e3dd97-73f9-4c69-b50d-0c0e3c47c40c"",""name"":""Catherine Wheel"",""spinId"":3733441,""canonical"":true,""recording"":""795fd7b4-2ddf-43ec-a9e9-183dbbb0812e""}]","[""07a18fe8-31c8-4ee7-90ae-6036aafc0876"",""1519fb8e-3fa4-4510-83ea-047949a7a7c0"",""1f0f005f-f229-4ae1-93dd-4f04f43357db"",""2be9166e-2f66-4986-9f61-eb4359070fb4"",""68c619e1-8180-4a04-aab3-7c4229963a66"",""795fd7b4-2ddf-43ec-a9e9-183dbbb0812e""]"
Synthradio,synthradio,0.1751509363840773,1,20,"[{""key"":""8538e728-ca0b-4321-b7e5-cff6565dd4c0"",""name"":""Depeche Mode"",""spinId"":3848605,""canonical"":true,""recording"":""000dbffe-59b2-42ba-9458-c8989dccaeb9""},{""key"":""8538e728-ca0b-4321-b7e5-cff6565dd4c0"",""name"":""Depeche Mode"",""spinId"":3816155,""canonical"":true,""recording"":""008ba94a-9014-4936-992b-c3c617717028""},{""key"":""8538e728-ca0b-4321-b7e5-cff6565dd4c0"",""name"":""Depeche Mode"",""spinId"":3815822,""canonical"":true,""recording"":""008ba94a-9014-4936-992b-c3c617717028""},{""key"":""8538e728-ca0b-4321-b7e5-cff6565dd4c0"",""name"":""Depeche Mode"",""spinId"":3777001,""canonical"":true,""recording"":""02d2e553-ad0a-4918-b61f-4a55f444297c""},{""key"":""8538e728-ca0b-4321-b7e5-cff6565dd4c0"",""name"":""Depeche Mode"",""spinId"":3735505,""canonical"":true,""recording"":""05ee5451-eab1-4223-9bd1-bac9472d0166""},{""key"":""8538e728-ca0b-4321-b7e5-cff6565dd4c0"",""name"":""Depeche Mode"",""spinId"":3762091,""canonical"":true,""recording"":""06f93b61-0178-44ca-8167-cf8461241cf6""},{""key"":""8538e728-ca0b-4321-b7e5-cff6565dd4c0"",""name"":""Depeche Mode"",""spinId"":3725048,""canonical"":true,""recording"":""09ded704-8ee2-4b84-b0f9-1cdeb8d259f5""},{""key"":""8538e728-ca0b-4321-b7e5-cff6565dd4c0"",""name"":""Depeche Mode"",""spinId"":3812643,""canonical"":true,""recording"":""0be2d723-bd12-49b4-8cb4-804192e767da""},{""key"":""8538e728-ca0b-4321-b7e5-cff6565dd4c0"",""name"":""Depeche Mode"",""spinId"":3763839,""canonical"":true,""recording"":""0dd60388-f3d6-4fb7-8d91-5188ff6aa9b1""},{""key"":""8538e728-ca0b-4321-b7e5-cff6565dd4c0"",""name"":""Depeche Mode"",""spinId"":3780820,""canonical"":true,""recording"":""11dfae4c-3833-42a4-83cb-cb3351e508cb""},{""key"":""8538e728-ca0b-4321-b7e5-cff6565dd4c0"",""name"":""Depeche Mode"",""spinId"":3678386,""canonical"":true,""recording"":""122b3f7d-b0cf-46e2-af6d-bbafa1a4962d""},{""key"":""8538e728-ca0b-4321-b7e5-cff6565dd4c0"",""name"":""Depeche Mode"",""spinId"":3756387,""canonical"":true,""recording"":""1aa62fa8-5a88-4117-a582-359c10463a77""},{""key"":""8538e728-ca0b-4321-b7e5-cff6565dd4c0"",""name"":""Depeche Mode"",""spinId"":3719778,""canonical"":true,""recording"":""1c3cedbf-7eed-4e74-85f7-987e58569b02""},{""key"":""8538e728-ca0b-4321-b7e5-cff6565dd4c0"",""name"":""Depeche Mode"",""spinId"":3698904,""canonical"":true,""recording"":""1dd3d28f-af2f-4121-92bb-b86e49b3f7c5""},{""key"":""8538e728-ca0b-4321-b7e5-cff6565dd4c0"",""name"":""Depeche Mode"",""spinId"":3770396,""canonical"":true,""recording"":""2433c442-80e6-460e-b6a5-0f9ff026cfa8""},{""key"":""8538e728-ca0b-4321-b7e5-cff6565dd4c0"",""name"":""Depeche Mode"",""spinId"":3663306,""canonical"":true,""recording"":""2acd0ef7-9d1d-4372-b5de-56ebce0a9131""},{""key"":""8538e728-ca0b-4321-b7e5-cff6565dd4c0"",""name"":""Depeche Mode"",""spinId"":3801101,""canonical"":true,""recording"":""2d07c60e-9d4b-4a51-984f-656b4488b402""},{""key"":""8538e728-ca0b-4321-b7e5-cff6565dd4c0"",""name"":""Depeche Mode"",""spinId"":3667116,""canonical"":true,""recording"":""323dd5ef-0654-4194-8ba1-6b1cbb8f350b""},{""key"":""8538e728-ca0b-4321-b7e5-cff6565dd4c0"",""name"":""Depeche Mode"",""spinId"":3837039,""canonical"":true,""recording"":""417e68b5-8753-442f-8166-75ced7ba0856""},{""key"":""8538e728-ca0b-4321-b7e5-cff6565dd4c0"",""name"":""Depeche Mode"",""spinId"":3798529,""canonical"":true,""recording"":""463509a9-2055-4fac-b5dd-60bbc971b728""},{""key"":""8538e728-ca0b-4321-b7e5-cff6565dd4c0"",""name"":""Depeche Mode"",""spinId"":3723422,""canonical"":true,""recording"":""9f88b7cf-eb7b-4d71-a4a5-88fc3d45893c""},{""key"":""8538e728-ca0b-4321-b7e5-cff6565dd4c0"",""name"":""Depeche Mode"",""spinId"":3715920,""canonical"":true,""recording"":""ca99f23d-e23e-47c4-89ac-a66f15ceb2ad""}]","[""000dbffe-59b2-42ba-9458-c8989dccaeb9"",""008ba94a-9014-4936-992b-c3c617717028"",""02d2e553-ad0a-4918-b61f-4a55f444297c"",""05ee5451-eab1-4223-9bd1-bac9472d0166"",""06f93b61-0178-44ca-8167-cf8461241cf6"",""09ded704-8ee2-4b84-b0f9-1cdeb8d259f5"",""0be2d723-bd12-49b4-8cb4-804192e767da"",""0dd60388-f3d6-4fb7-8d91-5188ff6aa9b1"",""11dfae4c-3833-42a4-83cb-cb3351e508cb"",""122b3f7d-b0cf-46e2-af6d-bbafa1a4962d"",""1aa62fa8-5a88-4117-a582-359c10463a77"",""1c3cedbf-7eed-4e74-85f7-987e58569b02"",""1dd3d28f-af2f-4121-92bb-b86e49b3f7c5"",""2433c442-80e6-460e-b6a5-0f9ff026cfa8"",""2acd0ef7-9d1d-4372-b5de-56ebce0a9131"",""2d07c60e-9d4b-4a51-984f-656b4488b402"",""323dd5ef-0654-4194-8ba1-6b1cbb8f350b"",""417e68b5-8753-442f-8166-75ced7ba0856"",""463509a9-2055-4fac-b5dd-60bbc971b728"",""9f88b7cf-eb7b-4d71-a4a5-88fc3d45893c"",""ca99f23d-e23e-47c4-89ac-a66f15ceb2ad""]"
Radio Caprice - Post-rock,radio-caprice-post-rock,0.17478244334196003,1,1,"[{""key"":""cca40a67-e959-46f8-a3f3-8a3f77d2da9e"",""name"":""Russian Circles"",""spinId"":3776169,""canonical"":true,""recording"":""40a2b796-a85f-468e-a4b4-6da805493483""},{""key"":""cca40a67-e959-46f8-a3f3-8a3f77d2da9e"",""name"":""Russian Circles"",""spinId"":3635070,""canonical"":true,""recording"":""e3aaad2a-9626-4999-b5f2-9274735c8911""}]","[""40a2b796-a85f-468e-a4b4-6da805493483"",""e3aaad2a-9626-4999-b5f2-9274735c8911""]"
ISEKOI Radio | Non-Stop Ambient,isekoi-radio-non-stop-ambient,0.17302772282213952,2,4,"[{""key"":""c7ee3bc9-780c-42c0-91e9-4cd70ad692d3"",""name"":""Tim Hecker"",""spinId"":3866768,""canonical"":true,""recording"":""0694bfed-52bf-4d1e-8ad4-898ad495a5aa""},{""key"":""c7ee3bc9-780c-42c0-91e9-4cd70ad692d3"",""name"":""Tim Hecker"",""spinId"":3866786,""canonical"":true,""recording"":""0694bfed-52bf-4d1e-8ad4-898ad495a5aa""},{""key"":""c7ee3bc9-780c-42c0-91e9-4cd70ad692d3"",""name"":""Tim Hecker"",""spinId"":3811976,""canonical"":true,""recording"":""0b430822-74d5-4afc-b693-0bfb497066a3""},{""key"":""c7ee3bc9-780c-42c0-91e9-4cd70ad692d3"",""name"":""Tim Hecker"",""spinId"":3807512,""canonical"":true,""recording"":""18faa5c0-d7cc-4d70-a74f-81f98d310cb4""},{""key"":""c7ee3bc9-780c-42c0-91e9-4cd70ad692d3"",""name"":""Tim Hecker"",""spinId"":3710168,""canonical"":true,""recording"":""672c9838-acb1-4bf4-b01f-d42419e5735d""},{""key"":""c7ee3bc9-780c-42c0-91e9-4cd70ad692d3"",""name"":""Tim Hecker"",""spinId"":3856297,""canonical"":true,""recording"":""6f151a62-9cf6-4b4d-889e-7771d3b51915""},{""key"":""c7ee3bc9-780c-42c0-91e9-4cd70ad692d3"",""name"":""Tim Hecker"",""spinId"":3751655,""canonical"":true,""recording"":""8be01dca-df6e-4d58-ac65-604ddf59136e""}]","[""0694bfed-52bf-4d1e-8ad4-898ad495a5aa"",""0b430822-74d5-4afc-b693-0bfb497066a3"",""18faa5c0-d7cc-4d70-a74f-81f98d310cb4"",""672c9838-acb1-4bf4-b01f-d42419e5735d"",""6f151a62-9cf6-4b4d-889e-7771d3b51915"",""8be01dca-df6e-4d58-ac65-604ddf59136e""]"
Systrum Sistum - SSR1,systrum-sistum-ssr1,0.16982610622041994,0,2,"[{""key"":""c7ee3bc9-780c-42c0-91e9-4cd70ad692d3"",""name"":""Tim Hecker"",""spinId"":3800482,""canonical"":true,""recording"":""013c1c27-4514-4a34-ba93-b221fcfe4701""},{""key"":""c7ee3bc9-780c-42c0-91e9-4cd70ad692d3"",""name"":""Tim Hecker"",""spinId"":3811309,""canonical"":true,""recording"":""851a90b2-ac38-46fa-ba4f-c23024df2bb6""}]","[""013c1c27-4514-4a34-ba93-b221fcfe4701"",""851a90b2-ac38-46fa-ba4f-c23024df2bb6""]"
SomaFM — Lush,somafm-lush,0.1670477222947626,0,1,"[{""key"":""4b585938-f271-45e2-b19a-91c634b5e396"",""name"":""Kate Bush"",""spinId"":3864036,""canonical"":true,""recording"":""0dbda76c-d9a8-4299-a657-19395bd1871f""}]","[""0dbda76c-d9a8-4299-a657-19395bd1871f""]"
FIP World,fip-world,0.16195302542180467,0,5,"[{""key"":""cd5799f6-e6cf-4322-a659-96f5de4a2f6c"",""name"":""Altın Gün"",""spinId"":3690527,""canonical"":true,""recording"":""34ccbfe2-62c9-42c1-a488-cb9ec35fa2e5""},{""key"":""cd5799f6-e6cf-4322-a659-96f5de4a2f6c"",""name"":""Altın Gün"",""spinId"":3781786,""canonical"":true,""recording"":""4f161b69-344c-485a-b369-e0fd2f7512bd""},{""key"":""cd5799f6-e6cf-4322-a659-96f5de4a2f6c"",""name"":""Altın Gün"",""spinId"":3652416,""canonical"":true,""recording"":""55d18b19-8045-4179-b4dc-993ef8a7cf2e""},{""key"":""cd5799f6-e6cf-4322-a659-96f5de4a2f6c"",""name"":""Altın Gün"",""spinId"":3793753,""canonical"":true,""recording"":""cc27c411-6d24-45ba-8099-61b12427e15f""},{""key"":""cd5799f6-e6cf-4322-a659-96f5de4a2f6c"",""name"":""Altın Gün"",""spinId"":3730674,""canonical"":true,""recording"":""f0ba657c-eb41-4eeb-9794-93e3166b0e2b""}]","[""34ccbfe2-62c9-42c1-a488-cb9ec35fa2e5"",""4f161b69-344c-485a-b369-e0fd2f7512bd"",""55d18b19-8045-4179-b4dc-993ef8a7cf2e"",""cc27c411-6d24-45ba-8099-61b12427e15f"",""f0ba657c-eb41-4eeb-9794-93e3166b0e2b""]"
PANORAMA80,panorama80,0.15785570464581145,0,1,"[{""key"":""8538e728-ca0b-4321-b7e5-cff6565dd4c0"",""name"":""Depeche Mode"",""spinId"":3784834,""canonical"":true,""recording"":""c3e123c4-0959-460b-8f7b-93cbcd9eff78""}]","[""c3e123c4-0959-460b-8f7b-93cbcd9eff78""]"
KPISS,rb-56241b49-2f23-4266-bdad-f4ad9a41ee24,0.15785570464581145,0,1,"[{""key"":""e01c3376-15fa-40d7-b747-5f219bdefdd7"",""name"":""Steely Dan"",""spinId"":3811130,""canonical"":true,""recording"":""2abd647c-407d-41c0-85fd-989581accd4b""}]","[""2abd647c-407d-41c0-85fd-989581accd4b""]"
Ambiento,ambiento,0.15604521527915383,0,1,"[{""key"":""8538e728-ca0b-4321-b7e5-cff6565dd4c0"",""name"":""Depeche Mode"",""spinId"":3760624,""canonical"":true,""recording"":""54f90844-1b63-4c6a-82c4-c79d5fb8f68a""}]","[""54f90844-1b63-4c6a-82c4-c79d5fb8f68a""]"
Polushon,polushon,0.15406309709563826,1,0,"[{""key"":""1f43d76f-8edf-44f6-aaf1-b65f05ad9402"",""name"":""The Flaming Lips"",""spinId"":3798365,""canonical"":true,""recording"":""afca5ecf-1f7a-40ab-915f-8946a01db46b""}]","[""afca5ecf-1f7a-40ab-915f-8946a01db46b""]"
Radio FM,radio-fm,0.15406309709563826,0,1,"[{""key"":""2aaf7396-6ab8-40f3-9776-a41c42c8e26b"",""name"":""LCD Soundsystem"",""spinId"":3631060,""canonical"":true,""recording"":""6288131e-82f8-4f76-bc29-0fa449eadfef""}]","[""6288131e-82f8-4f76-bc29-0fa449eadfef""]"
Radio Paradise World/Etc Mix 320k AAC,radio-paradise-world-etc-mix-320k-aac,0.15086970018324164,0,1,"[{""key"":""7682d624-9e0b-45b2-b7d0-d1b18b3ebd05"",""name"":""Vieux Farka Touré"",""spinId"":3697704,""canonical"":true,""recording"":""3234d12c-45f8-42af-ab27-758734f3e330""},{""key"":""7682d624-9e0b-45b2-b7d0-d1b18b3ebd05"",""name"":""Vieux Farka Touré"",""spinId"":3808625,""canonical"":true,""recording"":""3234d12c-45f8-42af-ab27-758734f3e330""}]","[""3234d12c-45f8-42af-ab27-758734f3e330""]"
"WBEZ-HD2 ""Vocalo Stream"" Chicago, IL",wbez-hd2-vocalo-stream-chicago-il,0.14892062486652402,0,1,"[{""key"":""044fd265-79dd-43eb-afc4-8b20becf7e17"",""name"":""Thundercat"",""spinId"":3862132,""canonical"":true,""recording"":""4fa7113f-044d-4a6f-90f8-7b2964fee430""}]","[""4fa7113f-044d-4a6f-90f8-7b2964fee430""]"
Laut.FM Synthesizer Greatest,laut-fm-synthesizer-greatest,0.14874547531182403,1,0,"[{""key"":""peter schilling"",""name"":""Peter Schilling"",""spinId"":3814393,""canonical"":false,""recording"":""30d87974-b552-492b-81a6-91f4ce54865b""},{""key"":""peter schilling"",""name"":""Peter Schilling"",""spinId"":3703380,""canonical"":false,""recording"":""30d87974-b552-492b-81a6-91f4ce54865b""},{""key"":""peter schilling"",""name"":""Peter Schilling"",""spinId"":3740278,""canonical"":false,""recording"":""30d87974-b552-492b-81a6-91f4ce54865b""}]","[""30d87974-b552-492b-81a6-91f4ce54865b""]"
181.FM - Chilled Out (USA) 128k mp3,181-fm-chilled-out-usa-128k-mp3,0.14874547531182403,1,0,"[{""key"":""yeah yeah yeahs"",""name"":""Yeah Yeah Yeahs"",""spinId"":3726816,""canonical"":false,""recording"":""a9619ac3-d4f7-4f41-9245-dc31df918351""},{""key"":""yeah yeah yeahs"",""name"":""Yeah Yeah Yeahs"",""spinId"":3715330,""canonical"":false,""recording"":""a9619ac3-d4f7-4f41-9245-dc31df918351""},{""key"":""yeah yeah yeahs"",""name"":""Yeah Yeah Yeahs"",""spinId"":3780832,""canonical"":false,""recording"":""a9619ac3-d4f7-4f41-9245-dc31df918351""}]","[""a9619ac3-d4f7-4f41-9245-dc31df918351""]"
WJCU 88.7 FM,wjcu,0.14831001356655205,1,0,"[{""key"":""ratatat"",""name"":""Ratatat"",""spinId"":3703457,""canonical"":false,""recording"":""960944f0-2f97-48b7-90da-eb14dd7a01fd""}]","[""960944f0-2f97-48b7-90da-eb14dd7a01fd""]"
FIP Jazz,fip-jazz,0.14756213064428092,0,1,"[{""key"":""1ee18fb3-18a6-4c7f-8ba0-bc41cdd0462e"",""name"":""Little Stevie Wonder"",""spinId"":3768435,""canonical"":true,""recording"":""796848d3-4444-4102-ad40-b0a594ef9339""}]","[""796848d3-4444-4102-ad40-b0a594ef9339""]"
SomaFM — CliqHop IDM,somafm-cliqhop,0.14549801526815698,0,4,"[{""key"":""69158f97-4c07-4c4e-baf8-4e4ab1ed666e"",""name"":""Boards of Canada"",""spinId"":3649137,""canonical"":true,""recording"":""0add1f5f-12ca-4528-8d94-d2707b71f135""},{""key"":""69158f97-4c07-4c4e-baf8-4e4ab1ed666e"",""name"":""Boards of Canada"",""spinId"":3663504,""canonical"":true,""recording"":""2932b23d-e309-4c75-8285-f9f3c0823b20""},{""key"":""69158f97-4c07-4c4e-baf8-4e4ab1ed666e"",""name"":""Boards of Canada"",""spinId"":3684351,""canonical"":true,""recording"":""640111f2-80e7-46f3-bdc3-89586df6eb3a""},{""key"":""69158f97-4c07-4c4e-baf8-4e4ab1ed666e"",""name"":""Boards of Canada"",""spinId"":3750801,""canonical"":true,""recording"":""75641615-388e-433a-9224-67f6e86b7127""}]","[""0add1f5f-12ca-4528-8d94-d2707b71f135"",""2932b23d-e309-4c75-8285-f9f3c0823b20"",""640111f2-80e7-46f3-bdc3-89586df6eb3a"",""75641615-388e-433a-9224-67f6e86b7127""]"
Culture Failure,culture-failure,0.1452471326540241,0,8,"[{""key"":""69158f97-4c07-4c4e-baf8-4e4ab1ed666e"",""name"":""Boards of Canada"",""spinId"":3770896,""canonical"":true,""recording"":""064b7a70-3a56-4843-af5d-a9fcc176794f""},{""key"":""69158f97-4c07-4c4e-baf8-4e4ab1ed666e"",""name"":""Boards of Canada"",""spinId"":3812163,""canonical"":true,""recording"":""165e808f-2a41-4c6e-9b0c-9b69fff16f32""},{""key"":""69158f97-4c07-4c4e-baf8-4e4ab1ed666e"",""name"":""Boards of Canada"",""spinId"":3757405,""canonical"":true,""recording"":""165e808f-2a41-4c6e-9b0c-9b69fff16f32""},{""key"":""69158f97-4c07-4c4e-baf8-4e4ab1ed666e"",""name"":""Boards of Canada"",""spinId"":3666518,""canonical"":true,""recording"":""165e808f-2a41-4c6e-9b0c-9b69fff16f32""},{""key"":""69158f97-4c07-4c4e-baf8-4e4ab1ed666e"",""name"":""Boards of Canada"",""spinId"":3786057,""canonical"":true,""recording"":""18667112-e670-4405-9991-57153298b622""},{""key"":""69158f97-4c07-4c4e-baf8-4e4ab1ed666e"",""name"":""Boards of Canada"",""spinId"":3754404,""canonical"":true,""recording"":""1a36def5-cf28-4fa1-9515-cfe933f8eb74""},{""key"":""69158f97-4c07-4c4e-baf8-4e4ab1ed666e"",""name"":""Boards of Canada"",""spinId"":3813181,""canonical"":true,""recording"":""2420a790-90ad-4859-88ee-84db24e49b99""},{""key"":""69158f97-4c07-4c4e-baf8-4e4ab1ed666e"",""name"":""Boards of Canada"",""spinId"":3799559,""canonical"":true,""recording"":""36f1779a-fd10-4450-98c6-ad184347818a""},{""key"":""69158f97-4c07-4c4e-baf8-4e4ab1ed666e"",""name"":""Boards of Canada"",""spinId"":3665308,""canonical"":true,""recording"":""36f1779a-fd10-4450-98c6-ad184347818a""},{""key"":""69158f97-4c07-4c4e-baf8-4e4ab1ed666e"",""name"":""Boards of Canada"",""spinId"":3629842,""canonical"":true,""recording"":""4c970f37-dcd1-4af3-b7fc-6d21997ba9a8""},{""key"":""69158f97-4c07-4c4e-baf8-4e4ab1ed666e"",""name"":""Boards of Canada"",""spinId"":3739378,""canonical"":true,""recording"":""a161a2e9-cc3f-4992-ac47-068ef3b3a8ea""}]","[""064b7a70-3a56-4843-af5d-a9fcc176794f"",""165e808f-2a41-4c6e-9b0c-9b69fff16f32"",""18667112-e670-4405-9991-57153298b622"",""1a36def5-cf28-4fa1-9515-cfe933f8eb74"",""2420a790-90ad-4859-88ee-84db24e49b99"",""36f1779a-fd10-4450-98c6-ad184347818a"",""4c970f37-dcd1-4af3-b7fc-6d21997ba9a8"",""a161a2e9-cc3f-4992-ac47-068ef3b3a8ea""]"
Path through the Forest,path-through-the-forest,0.14288354235104161,0,2,"[{""key"":""83d91898-7763-47d7-b03b-b92132375c47"",""name"":""Pink Floyd"",""spinId"":3662374,""canonical"":true,""recording"":""18feea9f-d767-4e4a-88b5-e9f820b2e946""},{""key"":""83d91898-7763-47d7-b03b-b92132375c47"",""name"":""Pink Floyd"",""spinId"":3835147,""canonical"":true,""recording"":""a86b466e-0f2f-440f-9cb7-887fc71e7496""},{""key"":""83d91898-7763-47d7-b03b-b92132375c47"",""name"":""Pink Floyd"",""spinId"":3835008,""canonical"":true,""recording"":""a86b466e-0f2f-440f-9cb7-887fc71e7496""}]","[""18feea9f-d767-4e4a-88b5-e9f820b2e946"",""a86b466e-0f2f-440f-9cb7-887fc71e7496""]"
Heavy Music Atmospheric Radio,heavy-music-atmospheric-radio,0.1420296096927567,1,1,"[{""key"":""83d91898-7763-47d7-b03b-b92132375c47"",""name"":""Pink Floyd"",""spinId"":3762065,""canonical"":true,""recording"":""36321c36-0f00-4dc9-abeb-d9f80cfc5c8e""},{""key"":""83d91898-7763-47d7-b03b-b92132375c47"",""name"":""Pink Floyd"",""spinId"":3648564,""canonical"":true,""recording"":""5c87bdf7-d609-41a3-9d6c-02a4b677f250""}]","[""36321c36-0f00-4dc9-abeb-d9f80cfc5c8e"",""5c87bdf7-d609-41a3-9d6c-02a4b677f250""]"
Lolli Radio Happy Station,lolli-radio-happy-station,0.13938914777912492,0,3,"[{""key"":""b10bbbfc-cf9e-42e0-be17-e2c3e1d2600d"",""name"":""The Beatles"",""spinId"":3792346,""canonical"":true,""recording"":""381a99f4-6c8b-4efc-b5e7-e16528f6916e""},{""key"":""b10bbbfc-cf9e-42e0-be17-e2c3e1d2600d"",""name"":""The Beatles"",""spinId"":3759102,""canonical"":true,""recording"":""3ec57e07-fcfd-43c1-b0c2-379330b2f491""},{""key"":""b10bbbfc-cf9e-42e0-be17-e2c3e1d2600d"",""name"":""The Beatles"",""spinId"":3860137,""canonical"":true,""recording"":""491aec25-6f83-497d-914a-2cad2b555287""}]","[""381a99f4-6c8b-4efc-b5e7-e16528f6916e"",""3ec57e07-fcfd-43c1-b0c2-379330b2f491"",""491aec25-6f83-497d-914a-2cad2b555287""]"
Championshipvinyl,championshipvinyl,0.13862989855987173,1,0,"[{""key"":""tv on the radio"",""name"":""TV On The Radio"",""spinId"":3772353,""canonical"":false,""recording"":""284d1921-9877-4cf0-8a2f-8a79694f1454""},{""key"":""tv on the radio"",""name"":""TV On The Radio"",""spinId"":3805017,""canonical"":false,""recording"":""284d1921-9877-4cf0-8a2f-8a79694f1454""},{""key"":""tv on the radio"",""name"":""TV On The Radio"",""spinId"":3707513,""canonical"":false,""recording"":""284d1921-9877-4cf0-8a2f-8a79694f1454""},{""key"":""tv on the radio"",""name"":""TV On The Radio"",""spinId"":3634171,""canonical"":false,""recording"":""284d1921-9877-4cf0-8a2f-8a79694f1454""}]","[""284d1921-9877-4cf0-8a2f-8a79694f1454""]"
Radio Mela,radio-mela,0.13823399668468628,0,1,"[{""key"":""83d91898-7763-47d7-b03b-b92132375c47"",""name"":""Pink Floyd"",""spinId"":3740976,""canonical"":true,""recording"":""2034bdb6-c60e-4a13-8fac-1dbcfe08c0bf""}]","[""2034bdb6-c60e-4a13-8fac-1dbcfe08c0bf""]"
WZBC 90.3 FM,wzbc,0.13759533367235632,1,0,"[{""key"":""neu!"",""name"":""Neu!"",""spinId"":3682535,""canonical"":false,""recording"":""08f9bb81-bb11-4de0-8d1e-18b8f5abb87d""}]","[""08f9bb81-bb11-4de0-8d1e-18b8f5abb87d""]"
FIP Electro,fip-electro,0.13720424310712886,0,1,"[{""key"":""69158f97-4c07-4c4e-baf8-4e4ab1ed666e"",""name"":""Boards of Canada"",""spinId"":3765410,""canonical"":true,""recording"":""165e808f-2a41-4c6e-9b0c-9b69fff16f32""}]","[""165e808f-2a41-4c6e-9b0c-9b69fff16f32""]"
i love radio - greatest hits,i-love-radio-greatest-hits,0.12457218188527597,1,0,"[{""key"":""teddy swims"",""name"":""TEDDY SWIMS"",""spinId"":3724738,""canonical"":false,""recording"":""236c660c-ab9f-4d35-9659-aa47f256b1bf""},{""key"":""teddy swims"",""name"":""TEDDY SWIMS"",""spinId"":3834408,""canonical"":false,""recording"":""236c660c-ab9f-4d35-9659-aa47f256b1bf""},{""key"":""teddy swims"",""name"":""TEDDY SWIMS"",""spinId"":3769588,""canonical"":false,""recording"":""236c660c-ab9f-4d35-9659-aa47f256b1bf""}]","[""236c660c-ab9f-4d35-9659-aa47f256b1bf""]"
Fluid Radio,fluid-radio,0,0,0,[],[]
SomaFM DEF CON Radio (128k AAC),somafm-def-con-radio-128k-aac,0,0,0,[],[]
WUML 91.5 FM,wuml,0,0,0,[],[]
WCFM 91.9 FM,wcfm,0,0,0,[],[]
WUOG 90.5 FM,wuog,0,0,0,[],[]
WRBB 104.9 FM,wrbb,0,0,0,[],[]
WLUR 91.5 FM,wlur,0,0,0,[],[]
WKCR 89.9 FM,wkcr,0,0,0,[],[]
WEFT 90.1 FM,weft,0,0,0,[],[]
WCBN 88.3 FM,wcbn,0,0,0,[],[]
WSUM 91.7 FM,wsum,0,0,0,[],[]
KFAI 90.3 FM,kfai,0,0,0,[],[]
KUCR 88.3 FM,kucr,0,0,0,[],[]
KZSC 88.1 FM,kzsc,0,0,0,[],[]
KDVS 90.3 FM,kdvs,0,0,0,[],[]
KSJS 90.5 FM,ksjs,0,0,0,[],[]
KTUH 90.3 FM,ktuh,0,0,0,[],[]
WUMB,wumb,0,0,0,[],[]
Jazzloft,jazzloft,0,0,0,[],[]
WESU 88.1 FM,wesu,0,0,0,[],[]
WRCT 88.3 FM,wrct,0,0,0,[],[]
CKUA Radio,ckua,0,0,0,[],[]
FIP Reggae,fip-reggae,0,0,0,[],[]
SomaFM — Sonic Universe,somafm-sonicuniverse,0,0,0,[],[]
SomaFM Sonic Universe (128k MP3),somafm-sonic-universe-128k-mp3,0,0,0,[],[]
Le Bon Mix HiFi Flac 1411 Kbps,le-bon-mix-hifi-flac-1411-kbps,0,0,0,[],[]
Grolloo Radio,grolloo-radio,0,0,0,[],[]
"WXPN 88.5 Philadelphia, PA",wxpn-88-5-philadelphia-pa,0,0,0,[],[]
Radio Armisa,radio-armisa,0,0,0,[],[]
Pro-Radio,pro-radio,0,0,0,[],[]
Radio Caprice - Krautrock,radio-caprice-krautrock,0,0,0,[],[]
Art Of Music,art-of-music,0,0,0,[],[]
SomaFM CliqHop IDM (256k MP3),somafm-cliqhop-idm-256k-mp3,0,0,0,[],[]
XWave Radio,xwave-radio,0,0,0,[],[]
SomaFM Sonic Universe (128k AAC),somafm-sonic-universe-128k-aac,0,0,0,[],[]
C Lab,c-lab,0,0,0,[],[]
"..87,5!. Nantes",87-5-nantes,0,0,0,[],[]
SLOBODNÝ VYSIELAČ,slobodn-vysiela,0,0,0,[],[]
SomaFM Boot Liquor (320k MP3),somafm-boot-liquor-320k-mp3,0,0,0,[],[]
SomaFM Boot Liquor (128k AAC),somafm-boot-liquor-128k-aac,0,0,0,[],[]
Rovinj FM,rovinj-fm,0,0,0,[],[]
WBRS 100.1 FM,wbrs,0,0,0,[],[]
WRAS 88.5 FM,wras,0,0,0,[],[]
WKNC 88.1 FM,wknc,0,0,0,[],[]
WDCE 90.1 FM,wdce,0,0,0,[],[]
WORT 89.9 FM,wort,0,0,0,[],[]
KDUR 91.9 FM,kdur,0,0,0,[],[]
KAOS 89.3 FM,kaos,0,0,0,[],[]
KCSM 91.1 FM,kcsm,0,0,0,[],[]
ByteFM,bytefm-192k,0,0,0,[],[]
Omroep Zeeland Radio,omroep-zeeland-radio,0,0,0,[],[]
Systrum Sistum - SSR2,systrum-sistum-ssr2,0,0,0,[],[]
SWISS GROOVE,swiss-groove,0,0,0,[],[]
JAMM FM,jamm-fm,0,0,0,[],[]
East Tennessee's Own WDVX 89.9 FM,east-tennessee-s-own-wdvx-89-9-fm,0,0,0,[],[]
aNONradio,anonradio,0,0,0,[],[]
SomaFM SF 10-33 (128k MP3),somafm-sf-10-33-128k-mp3,0,0,0,[],[]
Radio Paradise World/etc FLAC+meta,radio-paradise-world-etc-flac-meta,0,0,0,[],[]
Experimental/Avant-garde music - Radio Caprice,experimental-avant-garde-music-radio-caprice,0,0,0,[],[]
6forty Radio,6forty-radio,0,0,0,[],[]
Tukker FM,tukker-fm,0,0,0,[],[]
dinamo.fm smog,dinamo-fm-smog,0,0,0,[],[]

