name,slug,org,country,homepage_url,tags,homepage_blurb,station_class,source,automation_class,favorite
0 N — 2000s,rb-1a4914a2-f35f-11e8-a471-52543be04c81,0 N,DE,https://www.0nradio.com/,"[""2000s"", ""era"", ""specialist""]","ON Radio bringt Musik direkt aufs Smartphone, Tablet, PC oder Webradio: Oldies von den 60ern bis 80ern, Charts, Classic Rock, Jazz, Chillout,... alles ist",curated,curated,automated,f
0 N — 50s,rb-d4c545ef-a4e5-412a-b141-852c2fe50707,0 N,DE,https://www.0nradio.com/,"[""50s"", ""era"", ""specialist""]","ON Radio bringt Musik direkt aufs Smartphone, Tablet, PC oder Webradio: Oldies von den 60ern bis 80ern, Charts, Classic Rock, Jazz, Chillout,... alles ist",curated,curated,automated,f
0 N — 60s,rb-f9533da3-f2c1-11e8-a471-52543be04c81,0 N,DE,https://www.0nradio.com/,"[""60s"", ""era"", ""specialist""]","ON Radio bringt Musik direkt aufs Smartphone, Tablet, PC oder Webradio: Oldies von den 60ern bis 80ern, Charts, Classic Rock, Jazz, Chillout,... alles ist",curated,curated,automated,f
0nlineradio — 50s,rb-0725d662-7f7b-4363-8c8f-2b35c6916d84,0nlineradio,DE,https://0nlineradio.com/,"[""50s"", ""era"", ""specialist""]",,curated,curated,automated,f
12XU,12xu,,Germany,http://onetwoxu.de/,"[""garage punk"", ""indie rock"", ""noise"", ""noise rock"", ""post-punk"", ""punk""]",12XU | Verspannungsmusik!,curated,radio_browser,,f
181.FM - Chilled Out (USA) 128k mp3,181-fm-chilled-out-usa-128k-mp3,,The United States Of America,http://player.181fm.com/?station=181-chilled,"[""ambient"", ""chill"", ""chillout"", ""easy listening"", ""electro""]",Chilled Out Webplayer,curated,radio_browser,,f
1A Radio — 2000s,rb-1defd57a-bf9c-11e9-8502-52543be04c81,1A Radio,DE,https://www.1aradio.com/,"[""2000s"", ""era"", ""specialist""]","1A Radio bietet f&uuml;r jeden Geschmack das richtige Programm: Schlager, Volksmusik, aktuelle Hits, Oldies der 60er, 70er, 80er und 90er &ndash; hier",curated,curated,automated,f
1LIVE Fiehe,1live-fiehe,,Germany,https://www1.wdr.de/radio/1live/on-air/sendungen/1live-fiehe/index.html,"[""1 live"", ""1 live fiehe"", ""ambient"", ""drum and bass"", ""dubstep"", ""freestyle"", ""klaus fiehe"", ""krautrock"", ""minimal"", ""raum und zeit""]","Für viele ist er der &#034;deutsche John Peel&#034;, er selbst fühlt sich als &#034;der Typ, der korrektes Zeug auflegt&#034;. Klaus Fiehe impft unsere mainstreamtauben Ohren mit hochdosierten Tracks zwischen Break- und Straight Beats.",curated,radio_browser,mixed,f
6forty Radio,6forty-radio,,The United States Of America,http://www.6fortyradio.com/,"[""deep indie"", ""modern classical"", ""post-metal"", ""post-rock"", ""shoegaze""]",,curated,radio_browser,,f
8Ball Radio,8ball-radio,8 Ball Community,US,https://8ballradio.nyc/,"[""community"", ""experimental"", ""specialist""]",8-Ball Radio - Community Based Online Radio Station,community,curated,human,t
90.5 WICN Public Radio - Jazz+ for New England,90-5-wicn-public-radio-jazz-for-new-england,,The United States Of America,https://www.wicn.org/,"[""blues"", ""classic jazz"", ""folk"", ""jazz"", ""public radio""]","90.5 WICN Public Radio is a 501(c)(3) nonprofit based in Worcester, MA committed to the presentation and performance of jazz, soul, bluegrass, and folk music.",curated,radio_browser,mixed,f
Amazing Radio,amazing-radio,Amazing Radio,GB,https://amazingradio.com/,"[""discovery"", ""emerging artists"", ""indie""]",Where talent gets noticed.,community,curated,human,t
AmbientRadio (MRG.fm),ambientradio-mrg-fm,,The United States Of America,https://www.mrg.fm/,"[""ambient"", ""ambient and relaxation music"", ""ambiental"", ""dark ambient"", ""deep ambient"", ""downtempo"", ""drone"", ""electronica"", ""experimental"", ""meditation"", ""new age"", ""relaxation music""]",16 Free Radio Stations - MRG.fm,curated,radio_browser,,f
Ambiento,ambiento,,Romania,https://ambientoradio.com/,"[""ambient"", ""chillout"", ""lounge""]",Muzica ambientala - lounge - chillout | Ambiento Radio,curated,radio_browser,,f
Anon.FM,anon-fm,,The Russian Federation,https://anon.radio.fm/,"[""anime"", ""dnb"", ""downtempo"", ""experimental"", ""jazz"", ""psychedelic"", ""rock"", ""trance""]","Радио Анонимус - некоммерческий проект радиостанции, созданный в 2009 году, где каждый может показать себя и свои таланты. У тебя хороший голос? Ты умеешь петь? Разбираешься в музыке и в курсе современных музыкальных тенденций? Может быть ты можешь часами говорить о вышивании кре",curated,radio_browser,,f
Art Of Music,art-of-music,,Italy,https://artofmusic.fm/,"[""disco"", ""funk"", ""house"", ""nu-jazz"", ""rare groove"", ""soul"", ""soulful""]","Web Radio | Elegant. Sophisticated. Exclusive. | We play Soulful, House Music, Disco Classics, Soul, Rare Groove, Funk and Nu-Jazz with the best Music Designers and DJs worldwide.",curated,radio_browser,mixed,f
Avant-Prog/Rock in Opposition/Canterbury Scene/Zeuhl - Radio Caprice,avant-prog-rock-in-opposition-canterbury-scene-zeuhl-radio-caprice,,,http://radcap.ru/avantprog.html,"[""avant-garde"", ""zeuhl""]",,curated,radio_browser,,f
BBC 6 Music,bbc-6music,BBC,GB,https://www.bbc.co.uk/6music,"[""anchor""]",Listen live to Radio 6 Music on BBC Sounds,community,curated,human,f
Basspistol Radio,basspistol-radio,,Switzerland,https://basspistol.com/radio,"[""dance"", ""electronic"", ""experimental"", ""hiphop"", ""indie""]","Outernational Music Syndicate. The underground is dead, long live the underground!",curated,radio_browser,,f
Black Rhino Radio,black-rhino-radio,,Romania,https://blackrhinoradio.com/,"[""ambient"", ""electronic"", ""experimental"", ""hip-hop"", ""house"", ""indie"", ""jazz"", ""reggae"", ""soul"", ""techno""]",Black Rhino Radio,curated,radio_browser,,f
Boxout FM,boxout-fm,Boxout FM,IN,https://boxout.fm/,"[""electronic"", ""hip-hop"", ""specialist"", ""world""]",boxout.fm is your gateway to India,community,curated,human,t
ByteFM,bytefm-192k,ByteFM,DE,https://www.byte.fm/,"[""anchor"", ""indie"", ""pop"", ""rock"", ""world"", ""world music""]",ByteFM ist ein moderiertes Online-Radio mit Interviews und Hintergrundinformationen. Unser Internetradio ist ausgezeichnet mit dem Grimme Online Award.,community,curated,,f
CJLO 1690AM,cjlo,Concordia University,CA,https://www.cjlo.com/,"[""college"", ""community"", ""indie""]",CJLO 1690AM,community,curated,human,t
CJSR 88.5 FM,cjsr,University of Alberta,CA,https://www.cjsr.com,"[""college""]","Edmonton&#039;s listener-supported, volunteer-powered community radio",community,curated,human,t
CKUA Radio,ckua,CKUA Radio Network,CA,https://ckua.com,"[""public""]",CKUA is only here because listeners choose to donate. You can shape CKUA&#039;s future and make it strong. Be the difference. Donate now.,community,curated,human,f
Candelight,candelight,,The Netherlands,http://www.candlelight.nl/,"[""ambient"", ""ambient and relaxation music""]",Love Songs & Pop Classics,curated,radio_browser,mixed,f
Cashmere Radio,cashmere-radio,Cashmere Radio e.V.,DE,https://cashmereradio.com/,"[""avant-garde"", ""berlin"", ""community"", ""community radio"", ""experimental"", ""non-commercial"", ""non-profit"", ""specialist""]","Cashmere Radio is a community experimental radio station based in Lichtenberg, Berlin - broadcasting underground music, talk shows and live performative arts.",community,curated,mixed,t
Championshipvinyl,championshipvinyl,,Germany,https://laut.fm/championshipvinyl,"[""acoustic"", ""folk"", ""indie"", ""indie folk""]",,curated,radio_browser,,f
CoSTa's Ambient Radio,costa-s-ambient-radio,,Poland,https://pc.costa-server.info.pl:11020/public/costas_ambient_radio,"[""ambient"", ""electronic"", ""psybient""]",,curated,radio_browser,,f
Concertzender De Gehoorde Stilte,concertzender-de-gehoorde-stilte,,The Netherlands,https://www.concertzender.nl/programma_genre/hedendaagse-muziek/,"[""ambient""]",De Concertzender is er voor muziekliefhebbers die het avontuur niet schuwen. Onder het motto,curated,radio_browser,mixed,f
Concertzender X-Rated,concertzender-x-rated,,The Netherlands,https://www.concertzender.nl/programma_genre/crosslinks/,"[""ambient"", ""avant-garde"", ""electronics"", ""experimental"", ""industrial""]",De Concertzender is er voor muziekliefhebbers die het avontuur niet schuwen. Onder het motto,curated,radio_browser,mixed,f
Cryosleep,cryosleep,,The United States Of America,http://www.echoesofbluemars.org/cryosleep.php,"[""ambient"", ""calm"", ""music"", ""nobeat"", ""sleep"", ""space""]",,curated,radio_browser,,f
Culture Failure,culture-failure,,The United States Of America,https://culturefailure.com/,"[""ambient"", ""electronic"", ""minimal"", ""noise""]",,curated,radio_browser,,f
DARK ZERO RADIO,dark-zero-radio,,Germany,https://dark-zero-radio.com/,"[""dark wave"", ""ebm"", ""futurepop"", ""gothic"", ""gothic-rock"", ""industrial"", ""new beat."", ""new wave"", ""post-punk"", ""synth-pop""]","Dark-Zero-Radio is an online radio station based in Germany, specializing in Darkwave, EBM, Futurepop, Gothic Rock, Industrial, New Beat, New Wave, Post-Punk, Synthpop, NDH, and Melodic Rock. Founded in March 2018, it delivers an exciting mix of alternative and underground music ",curated,radio_browser,,f
DEEP IN SPACE,deep-in-space,,The Russian Federation,https://deepinspace.ru/,"[""ambi"", ""ambient"", ""chillout"", ""deep space"", ""space music""]",DEEP IN SPACE - space travel music. Музыка для космических путешествий,curated,radio_browser,,f
DJ 666 Geordieblackcore,dj-666-geordieblackcore,,,https://laut.fm/dj666geordieblackcore,"[""black metal"", ""crust"", ""death metal"", ""folk"", ""folk metal"", ""gore metal"", ""grindcore"", ""pagan black metal"", ""punk"", ""thrash metal""]",,curated,radio_browser,,f
DKFM Classic,dkfm-classic,,,https://decayfm.com/dkfm-classic-2/,"[""shoegaze""]",,curated,radio_browser,,f
Darksynth Radio,darksynth-radio,,Austria,https://laut.fm/darksynthradio,"[""electronic"", ""80s"", ""darkwave"", ""electropop"", ""gothic"", ""industrial"", ""minimal wave"", ""synthpop""]",,curated,radio_browser,,f
Deep Radio,deep-radio,,The Netherlands,https://deep.radio/,"[""ambient"", ""dance"", ""deep house"", ""downtempo"", ""edm"", ""house"", ""nu-jazz"", ""progressive"", ""techno""]","Wij zijn Deep, een legendarisch online dance radio station. We ademen al bijna 20 jaar dancemuziek. Ons hart klopt 24 uur per dag in een vette beat. Probeer daar maar eens stil bij te blijven zitten! Overal te beluisteren via https://deep.radio",curated,radio_browser,mixed,f
Dublab,dublab,Dublab,US,https://dublab.com,"[""anchor"", ""specialist""]",dublab,community,curated,,f
EBM,ebm,,Germany,https://flatlinesradio.de/,"[""dark wave"", ""ebm"", ""electronic"", ""electronica"", ""experimental"", ""industrial"", ""martial industrial"", ""new wave""]",,curated,radio_browser,,f
EPIC CLASSICAL - Classical Dinner,epic-classical-classical-dinner,,Germany,https://epic-classical.com/,"[""ambient"", ""chillout"", ""classical"", ""classical piano"", ""jazz"", ""klassik"", ""lounge"", ""piano"", ""synth""]",,curated,radio_browser,,f
EPIC CLASSICAL - Classical Guitar,epic-classical-classical-guitar,,Germany,https://epic-classical.com/,"[""ambient"", ""classic"", ""classical"", ""classical guitar"", ""guitar"", ""klassik"", ""relax"", ""relaxing""]",,curated,radio_browser,,f
EPIC CLASSICAL - Classical Lounge,epic-classical-classical-lounge,,Germany,https://epic-classical.com/,"[""ambient"", ""ambient and relaxation music"", ""ambiental"", ""chillout"", ""chillout+lounge"", ""classical"", ""klassik"", ""lounge"", ""lounge music"", ""relax""]",,curated,radio_browser,,f
EPIC CLASSICAL - Classical Love Music,epic-classical-classical-love-music,,Germany,https://epic-classical.com/,"[""ambient"", ""ambient and relaxation music"", ""classic"", ""classical"", ""klassik"", ""love"", ""love songs"", ""lovesongs""]",,curated,radio_browser,,f
EPIC CLASSICAL - Classical Oldies,epic-classical-classical-oldies,,Germany,https://epic-classical.com/,"[""ambient"", ""ambiente"", ""classic"", ""goldies"", ""jazz"", ""klassik"", ""new classics"", ""oldies"", ""piano"", ""relax""]",,curated,radio_browser,,f
EPIC CLASSICAL - Classical Sunrise,epic-classical-classical-sunrise,,Germany,https://epic-classical.com/,"[""ambient"", ""ambient and relaxation music"", ""chillout"", ""classic"", ""classical"", ""klassik"", ""relax"", ""sunshine""]",,curated,radio_browser,,f
East Tennessee's Own WDVX 89.9 FM,east-tennessee-s-own-wdvx-89-9-fm,,,https://wdvx.com/,"[""americana"", ""bluegrass""]",East Tennessee&#039;s Own WDVX &mdash; Listener Supported Community Radio,curated,radio_browser,mixed,f
Echoes of Bluemars,echoes-of-bluemars,,The United States Of America,http://www.echoesofbluemars.org/bluemars.php,"[""ambient"", ""bluemars"", ""mars"", ""music"", ""space""]",,curated,radio_browser,,f
ElectroZombies,electrozombies,,Germany,https://electrozombies.com/,"[""darkwave"", ""ebm"", ""electropop"", ""futurepop"", ""gothic"", ""industrial"", ""new wave"", ""synthpop""]","Your no.1 place for classic to contemporary synth pop music. Discover music videos, album reviews, and more of your beloved music genre.",curated,radio_browser,,f
Elektronisch Querbeat,elektronisch-querbeat,,Germany,http://laut.fm/elektronisch_querbeat,"[""abstract"", ""ambient"", ""broken beat"", ""dubstep"", ""glitch"", ""idm""]",,curated,radio_browser,,f
Euro Smooth Jazz,euro-smooth-jazz,,Germany,http://eurosmoothjazz.com/,"[""ambient"", ""lounge"", ""smooth jazz""]","Aktueller Song, Playlist und Infos zu Euro Smoothjazz.",curated,radio_browser,,f
Experimental/Avant-garde music - Radio Caprice,experimental-avant-garde-music-radio-caprice,,,http://radcap.ru/playback-history/4/experimental-ph.php,"[""avant-garde"", ""experimental""]",,curated,radio_browser,,f
Experimentalgems,experimentalgems,,Germany,https://laut.fm/experimentalgems,"[""ambient"", ""avantgarde"", ""drone"", ""electronic"", ""experimental"", ""jazz""]",,curated,radio_browser,,f
FBi Radio,fbi-radio,Free Broadcast Inc.,AU,https://www.fbi.radio/,"[""community"", ""emerging artists"", ""indie""]",The beating heart of Sydney music.,community,curated,human,t
FIP,fip-main,Radio France,FR,https://www.radiofrance.fr/fip,"[""anchor""]",Tout l,curated,curated,human,f
FIP Electro,fip-electro,Radio France,FR,https://www.radiofrance.fr/fip,"[""specialist""]",Tout l,curated,curated,human,f
FIP Groove,fip-groove,Radio France,FR,https://www.radiofrance.fr/fip,"[""specialist""]",Tout l,curated,curated,human,f
FIP Jazz,fip-jazz,Radio France,FR,https://www.radiofrance.fr/fip,"[""specialist""]",Tout l,curated,curated,human,f
FIP Metal,fip-metal,Radio France,FR,https://www.radiofrance.fr/fip,"[""specialist""]",Tout l,curated,curated,human,f
FIP Reggae,fip-reggae,Radio France,FR,https://www.radiofrance.fr/fip,"[""specialist""]",Tout l,curated,curated,human,f
FIP Rock,fip-rock,Radio France,FR,https://www.radiofrance.fr/fip,"[""specialist""]",Tout l,curated,curated,human,f
FIP World,fip-world,Radio France,FR,https://www.radiofrance.fr/fip,"[""specialist""]",Tout l,curated,curated,human,f
Flatlines Radio,flatlines-radio,,Germany,https://www.flatlinesradio.de/,"[""darkwave"", ""ebm"", ""folk"", ""gothic"", ""industrial"", ""melodic rock"", ""metal"", ""mittelalter"", ""neofolk"", ""new wave"", ""post-punk""]",,curated,radio_browser,,f
Fluid Radio,fluid-radio,,,http://www.fluid-radio.co.uk/,"[""abstract"", ""acoustic"", ""ambient"", ""experimental"", ""instrumental"", ""modern classical""]",Fluid Radio - Experimental Frequencies,curated,radio_browser,,f
France Musique | Ocora - Musiques du monde,france-musique-ocora-musiques-du-monde,,France,https://www.francemusique.fr/webradio-musiques-du-monde-ocora,"[""world"", ""world music""]",Voyagez en musique ! Écoutez la radio Ocora de France Musique qui diffuse gratuitement en ligne des pépites musicales traditionnelles du monde entier.,curated,radio_browser,,f
GDS.FM,gds-fm,,Switzerland,http://www.gds.fm/,"[""acid-house"", ""experimental"", ""hiphop"", ""indie rock"", ""nu-jazz"", ""trip hop""]","GDS.FM ist eine wichtige Plattform für hiesige Musikschaffende und sendet nonstop besten Sound ohne mühsame Werbeunterbrechungen. Seit 2014 setzen wir uns dafür ein, dass die kulturelle Vielfalt, die das Schweizer Nachtleben zu bieten hat, auch über Radio zugänglich gemacht wird.",curated,radio_browser,,f
Glacer FM,glacer-fm,Glacer FM,US,https://www.glacerfm.com/,"[""discovery"", ""indie"", ""unsigned artists""]",Glacer FM is the The #1 Global Internet Radio Station focusing on Unsigned and Independent Music in all genres. We engage an audience of music enthusiasts.,community,curated,human,t
Greatest Hits — 1950s,rb-03ec60d0-3294-459e-bfb5-b5ffa9b95784,Greatest Hits,AE,https://greatesthits.radio/,"[""50s"", ""era"", ""specialist""]",,curated,curated,automated,f
HEADY,heady,,The United States Of America,https://www.heady.fm/,"[""indie"", ""indie rock"", ""psychedelic"", ""psychedelic rock"", ""rock""]","Stream commercial-free music 24/7 on HEADY.FM. Discover underground music, your favorite tracks, emerging artists, and deep cuts without interruptions. Listen online now.",curated,radio_browser,mixed,f
HEXX 9 Radio,hexx-9-radio,,The United States Of America,http://hexx9.com/,"[""ambient"", ""darkwave"", ""ebm"", ""film"", ""gothic"", ""witch house"", ""witchhouse""]",", d▲rkk r▲ve vvIŧCђ ┼E̢͏̫̤̫̙͙͕̥̪ΛΛple of ڳad , deth┼ec, l͚̤͔͖̼͔̩ow tape, EVP, dea┼h trvcks",curated,radio_browser,,f
Heavy Music Atmospheric Radio,heavy-music-atmospheric-radio,,The Russian Federation,https://www.heavy-music.net/,"[""atmospheric"", ""doom"", ""gothic"", ""heavy metal"", ""metal"", ""post-rock"", ""progressive rock""]",We deliver purest atmospheric selections of Progressive and Post rock music. Stay tuned!,curated,radio_browser,,f
HighFi Dream,highfi-dream,,The United States Of America,https://highfidream.com/,"[""alternative / indie"", ""dream pop"", ""dream-pop"", ""electronic"", ""house/soulful/deep house"", ""indie"", ""melodic house"", ""neo soul"", ""neo-soul"", ""new wave"", ""post punk"", ""psychedelic"", ""shoegaze"", ""synthpop"", ""synthwave"", ""trip-hop""]",High Fi Dream 92.3FM HD4 - Your musical dreams curated.,curated,radio_browser,,f
Hirschmilch Radio,hirschmilch-radio,,Germany,https://hirschmilch.de:7001/chillout.mp3,"[""ambient"", ""chillout"", ""relax""]",,curated,radio_browser,,f
JAMM FM,jamm-fm,,The Netherlands,http://www.jammfm.nl/,"[""00s"", ""80s"", ""90s"", ""gospel"", ""hits"", ""nu-jazz"", ""rnb"", ""soul""]",JammFM 104.9 &#8211; Smooth & Funky &#8211; Alles voor Ouder Amstel,curated,radio_browser,mixed,f
Jazzloft,jazzloft,,Germany,http://stream.laut.fm/jazzloft,"[""jazz"", ""lounge"", ""smooth"", ""soul"", ""world"", ""world music""]",,curated,radio_browser,,f
Journeyscapes Radio,journeyscapes-radio,,Canada,https://www.journeyscapesradio.com/,"[""ambient"", ""chillout""]","Chillout internet radio station for ambient, space, downtempo, ethereal & ethno-electronica, plus music reviews, artist interviews and more!",curated,radio_browser,,f
KALX 90.7 FM,kalx,UC Berkeley,US,https://kalx.berkeley.edu,"[""college""]",Ordinary people making extraordinary radio.,community,curated,human,f
KAOS 89.3 FM,kaos,The Evergreen State College,US,https://spinitron.com/KAOS/,"[""college""]","A broadcast service of the Evergreen State College, Olympia, WA",community,curated,human,f
KCHUNG Radio,rb-b58a4aaa-d5be-4925-be71-f69d1cccc13f,KCHUNG,US,https://kchungradio.org,"[""indie""]",KCHUNG Radio 1630AM,curated,curated,,f
KCRW — Eclectic 24,kcrw-eclectic24,KCRW,US,https://www.kcrw.com/music/shows/eclectic24,"[""public""]",,community,curated,human,f
KCSM 91.1 FM,kcsm,College of San Mateo,US,https://kcsm.org,"[""college""]",KCSM Jazz 91.1 is both an educational and public radio station located at College of San Mateo in the San Francisco Bay Area.,community,curated,human,f
KDUR 91.9 FM,kdur,Fort Lewis College,US,https://spinitron.com/KDUR/,"[""college""]","Trusted by over 300 non-commercial stations, Spinitron supports playlist logging, reporting, web publishing, automation, push and much more.",community,curated,human,f
KDVS 90.3 FM,kdvs,UC Davis,US,https://kdvs.org/programming,"[""college""]",KDVS Show Schedule - See upcoming and past shows aired live from KDVS,community,curated,human,f
KEXP 90.3 FM,kexp,KEXP,US,https://kexp.org,"[""anchor"", ""specialist""]","KEXP is a nonprofit arts organization serving music lovers through in-person, broadcast and online programming.",community,curated,human,f
KFAI 90.3 FM,kfai,KFAI Fresh Air Community Radio,US,https://spinitron.com/KFAI/,,"KFAI is a volunteer-based community radio station that exists to broadcast information, arts and entertainment programming for an audience of diverse racial, social and economic backgrounds.",community,curated,human,f
KFJC 89.7 FM,kfjc,Foothill College,US,https://kfjc.org,"[""college""]","KFJC 89.7 FM in Los Altos Hills, California, is a volunteer-run radio station serving the Bay Area with live DJs playing a freeform mix of new music, audio art, and experimental sounds found nowhere else.",community,curated,mixed,f
KPISS,rb-56241b49-2f23-4266-bdad-f4ad9a41ee24,,,,,,curated,curated,,f
KSJS 90.5 FM,ksjs,San Jose State University,US,https://spinitron.com/KSJS/,"[""college""]",We have been introducing San Jose to new music for 60 years! San Jose State Radio comes alive 24/7; student run and operated. Live streaming on our website ksjs.org/listen or over-air on 90.5 FM!,community,curated,human,f
KTUH 90.3 FM,ktuh,University of Hawaii,US,https://spinitron.com/KTUH/,"[""college""]","KTUH is a non-commercial, student-run, listener-supported station in Honolulu, Hawaii. It was Hawaii&#039;s first non-commercial FM station, and signed on the air July 7, 1969. Programming originates at the University of Hawaii at Manoa.",community,curated,human,f
KUCR 88.3 FM,kucr,UC Riverside,US,https://spinitron.com/KUCR/,"[""college""]","Trusted by over 300 non-commercial stations, Spinitron supports playlist logging, reporting, web publishing, automation, push and much more.",community,curated,human,f
KUTX 98.9 FM,kutx,KUTX,US,https://kutx.org/,"[""anchor""]","KUTX is a full-time non-commercial music station broadcasting on 98.9 FM in Austin, Texas, and streamed worldwide at kutx.org.",community,curated,human,f
KUVO 89.3 FM,kuvo,KUVO,US,https://www.kuvo.org/,"[""public""]","Since 1985, KUVO JAZZ – an independent, public radio station – has provided a rare blend of music and news.",community,curated,human,f
KVSC 88.1 FM,kvsc,St. Cloud State University,US,https://www.kvsc.org,"[""college""]",KVSC Your Sound Alternative,community,curated,human,f
KXLU 88.9 FM,kxlu,Loyola Marymount University,US,https://kxlu.com,"[""college""]",KXLU 88.9 FM,community,curated,human,f
KZSC 88.1 FM,kzsc,UC Santa Cruz,US,https://spinitron.com/KZSC/,,College radio beaming from the redwood trees to the seas. kzsc.org,community,curated,human,f
Kapitał,kapita,,Poland,https://radiokapital.pl/,"[""ambient"", ""comunity"", ""techno""]",Pierwsze radio społecznościowe w Polsce.,curated,radio_browser,,f
Kiosk Radio,kiosk-radio,Kiosk Radio,BE,https://www.kioskradio.com/,"[""club"", ""electronic"", ""experimental"", ""specialist""]","Kiosk Radio is a community web radio station and streaming platform broadcasting 24/7 from a wooden kiosk in the heart of Brussels&#x27; historic &#x27;Parc Royal&#x27;. Since 2017, it&#x27;s been a place where music drifts between genres without boundaries or rules.",community,curated,human,t
Kool FM,kool-fm,Rinse FM,GB,https://www.rinse.fm/channels/kool,"[""breakbeat"", ""drum and bass"", ""jungle"", ""specialist""]",Rinse has dominated London’s radio airwaves for 30 years as a hub of the capital’s thriving urban music community,community,curated,human,t
LYL Radio,lyl-radio,LYL Radio,FR,https://lyl.live/,"[""ambient"", ""experimental"", ""specialist""]",We,community,curated,human,t
Lahmacun Radio,lahmacun-radio,Lahmacun Radio,HU,https://lahmacun.hu/,"[""electronic"", ""experimental"", ""specialist"", ""world""]",Lahmacun.hu is an online music & more radio from Budapest since 2018,community,curated,human,t
Laut.FM Chillout-Radio,laut-fm-chillout-radio,,Germany,https://laut.fm/chilloutradio,"[""ambient"", ""space""]",,curated,radio_browser,,f
Laut.FM Synthesizer Greatest,laut-fm-synthesizer-greatest,,Germany,http://www.laut.fm/synthesizergreatest,"[""ambient"", ""electronic""]",,curated,radio_browser,,f
Le Bon Mix Radio 97.9,le-bon-mix-radio-97-9,,France,https://www.lebonmix.radio/,"[""disco"", ""electro"", ""funk"", ""jazz"", ""music"", ""pop"", ""raggae"", ""rock"", ""sanspub"", ""soul"", ""world""]","Le Bon Mix distille des rythmes Funk, Jazz, Disco, Electro, Pop, Soul, World, Reggae, Rock, & more... 4 radios gratuites et sans pub pour un mélange pointu de titres anciens jusqu",curated,radio_browser,,f
Le Grigri,le-grigri,,France,https://www.le-grigri.com/,"[""african music"", ""free jazz"", ""hip-hop"", ""jazz"", ""world"", ""world music""]",C&rsquo;était quoi cette track ? ON AIR Titre en cours de diffusion Lecteur audio Download on Follow us Facebook X-twitter Instagram DONATE Carte blanche Carte Blanche de Buck. 1h de sons sélectionnés par le sextet pour leur nouvel album. Listen now ↗ Last news Best album of the ,curated,radio_browser,,f
Lolli Radio Happy Station,lolli-radio-happy-station,,Italy,http://www.lolliradio.net/,"[""world"", ""world music""]",DA 20 ANNI LE RADIO DIGITALI ITALIANE PIU’ ASCOLTATE scegli la tua radio APRI IL PLAYER POP-UP QUI lolliradio happy play_arrow lolliradio italia play_arrow lolliradio soft play_arrow lolliradio dance play_arrow lolliradio hits play_arrow lolliradio oldies play_arrow adoro classic,curated,radio_browser,,f
MDR Sputnik Insomnia,mdr-sputnik-insomnia,,Germany,http://sputnik.de/sendungen/musikspecials/sputnik-insomnia--100.html,"[""melancholic"", ""psychedelic"", ""slow""]",,curated,radio_browser,,f
Melodies Web Radio,melodies-web-radio,,Greece,https://melodieswebradio.wixsite.com/,"[""ambient"", ""ambient and relaxation music"", ""jazz""]",,curated,radio_browser,,f
Memory Lane | NTS,memory-lane-nts,,The United Kingdom Of Great Britain And Northern Ireland,https://www.nts.live/infinite-mixtapes/memory-lane,"[""garage rock"", ""psychedelic"", ""soul""]","Turn on, tune in, drop out.",curated,radio_browser,,f
Modular-Station,modular-station,,France,https://modular-station.com/,"[""ambient"", ""electronic"", ""experimental"", ""modular synthesis"", ""soundscape"", ""techno""]",Modular Station &#8211; The Modular Music Radio,curated,radio_browser,mixed,f
NEOFOLK,neofolk,,Germany,https://flatlinesradio.de/,"[""ambient"", ""darkfolk"", ""experimental"", ""folk"", ""industrial"", ""martial industrial"", ""mittelalter"", ""neofolk"", ""pagan"", ""post-punk"", ""post-rock""]",,curated,radio_browser,,f
NEU RADIO,neu-radio,,Italy,https://www.neuradio.it/,"[""afrobeats"", ""alternative"", ""ambient"", ""arts"", ""beats"", ""black"", ""breakbeat"", ""cinema"", ""culture"", ""dub"", ""electronic"", ""electropop"", ""experimental"", ""funk"", ""house"", ""indie pop"", ""indie rock"", ""jazz"", ""local news"", ""minimal"", ""minimal wave"", ""music"", ""new wave"", ""news"", ""nu-jazz"", ""post-punk"", ""post-rock"", ""reggae"", ""soul"", ""synth"", ""synthwave"", ""world"", ""worldbeat""]","Neu Radio è la nuova web radio, un collettivo, un aggregatore culturale. In streaming 24/7 da Bologna verso il mondo.",curated,radio_browser,mixed,f
NTS 1,nts-1,NTS,GB,https://www.nts.live,"[""anchor"", ""specialist""]","NTS is a global radio platform broadcasting music from over 50 cities around the globe, live 24/7.",community,curated,mixed,f
NTS 2,nts-2,NTS,GB,https://www.nts.live,"[""anchor"", ""specialist""]","NTS is a global radio platform broadcasting music from over 50 cities around the globe, live 24/7.",community,curated,mixed,f
Netil Radio,netil-radio,,The United Kingdom Of Great Britain And Northern Ireland,http://netilradio.com/,"[""ambient"", ""beats"", ""breaks"", ""disco"", ""electro"", ""electronic"", ""hip-hop"", ""house"", ""reggae"", ""techno""]","Real life radio from residents, shows and DJ’s with stories and anecdotes of lives spent in music.",curated,radio_browser,,f
Nightride FM - Datawave,nightride-fm-datawave,,Germany,https://nightride.fm/,"[""glitchy synthwave"", ""idm"", ""retro computing""]","Stream synthwave and cyberpunk music from electronic artists producing retrowave, darksynth, ebm, dnb, edm, techno and other electronica in 320kbps.",curated,radio_browser,,f
Nightride FM — Chillsynth,nightride-chillsynth,Nightride FM,US,https://nightride.fm/,"[""chillsynth"", ""electronic"", ""instrumental"", ""specialist""]","Stream synthwave and cyberpunk music from electronic artists producing retrowave, darksynth, ebm, dnb, edm, techno and other electronica in 320kbps.",curated,curated,automated,t
Nostalgie New York,nostalgie-new-york,,The United States Of America,https://nstlgy.com/,"[""60s"", ""70s"", ""80s"", ""90s"", ""classic hits"", ""classic rock"", ""disco"", ""music"", ""nostalgie"", ""pop"", ""rock and roll"", ""smooth jazz"", ""world"", ""world music"", ""worlds best classic hits""]","✅4️⃣「马到成功,世界杯官方合作伙伴」猎豹体育收到菲律宾政府的授权成为最优秀的娱乐服务平台,猎豹体育是亚洲最权威的一个娱乐媒体平台,成为玩家们最喜欢的游戏资讯猎豹体育就是因为有超快的速度和海量的游戏资源才能博得众多玩家的喜爱,让您足不出户。",curated,radio_browser,,f
OFFradio (320),offradio-320,,Greece,http://offradio.gr/,"[""alternative"", ""ambient"", ""chillout"", ""eclectic"", ""indie"", ""lounge"", ""trip-hop"", ""world"", ""world music""]",Turn your radio OFF και άκου #μουσικάρες στο δημοφιλέστερο streaming ραδιόφωνο στην Ελλάδα από το 2008.,curated,radio_browser,,f
Oroko Radio,oroko-radio,Oroko Radio,GH,https://www.oroko.live/,"[""club"", ""electronic"", ""specialist"", ""world""]","Oroko is a not-for-profit independent internet radio station based in Accra, Ghana. We aim to connect, inspire and empower through conversation, collaboration and community.",community,curated,human,t
PANORAMA80,panorama80,,Germany,http://www.facebook.com/panorama80,"[""80s"", ""ebm"", ""electro"", ""italo disco"", ""minimal wave"", ""new beat"", ""new wave"", ""pop"", ""soundtracks"", ""synthpop"", ""synthwave"", ""techno""]",,curated,radio_browser,,f
Path through the Forest,path-through-the-forest,,Germany,http://laut.fm/path_through_the_forest,"[""alternative"", ""avant-garde"", ""experimental"", ""indie"", ""industrial"", ""noise"", ""psychedelic"", ""punk"", ""rock"", ""stoner""]",,curated,radio_browser,,f
Planet Ambi HD,planet-ambi-hd,,Switzerland,https://planetambi.com/,"[""ambient"", ""drone""]",Planet Ambi HD Radio. We provide 24/7 music for relaxation and sleep. Only the finest ambient soundscapes and no beats. Relaxation in HD.,curated,radio_browser,,f
Play Emotions,play-emotions,,Italy,,"[""ambient"", ""chill"", ""relaxing""]",,curated,radio_browser,,f
Polushon,polushon,,Sweden,http://polushon.com/,"[""experimental"", ""jazz"", ""world"", ""world music""]",Polushon Radio,curated,radio_browser,,f
Positively — 1950s,rb-671c9bbc-41a2-4f0f-9215-1aabe2f34134,Positively,AE,https://play.positivity.radio/,"[""50s"", ""era"", ""specialist""]",,curated,curated,automated,f
PsyStream,psystream,,The United Kingdom Of Great Britain And Northern Ireland,http://psymusic.co.uk/,"[""progressive"", ""psychedelic"", ""psytrance"", ""trance""]",,curated,radio_browser,,f
RADCAP: AMBIENT DUB,radcap-ambient-dub,,The Russian Federation,http://radcap.ru/ambientdub.html,"[""ambient"", ""ambient dub""]","Радиоканал RADCAP (RADio CAPrice) - AMBIENT DUB - стабильный эфир, хороший звук, качественный контент.",curated,radio_browser,,f
RADCAP: INDUSTRIAL / DARK / RITUAL AMBIENT,radcap-industrial-dark-ritual-ambient,,The Russian Federation,http://radcap.ru/darkambient.html,"[""ambient"", ""dark ambient"", ""industrial"", ""ritual""]","Радиоканал RADCAP (RADio CAPrice) - INDUSTRIAL / DARK / RITUAL AMBIENT - стабильный эфир, хороший звук, качественный контент.",curated,radio_browser,,f
RADIO DIMENSIONE RELAX,radio-dimensione-relax,,Italy,https://rdastation.it/,"[""ambient"", ""ambient and relaxation music"", ""ambient lounge"", ""ambiental"", ""chillout"", ""chillout+lounge"", ""deep ambient"", ""italian music"", ""jazz"", ""lounge"", ""lounge music"", ""relax"", ""smooth jazz"", ""soft music""]",,curated,radio_browser,,f
RTBF Classic 21 — 60s,rb-960ede10-0601-11e8-ae97-52543be04c81,RTBF Classic 21,BE,https://www.rtbf.be/radio/liveradio/webradio-classic21-60,"[""60s"", ""era"", ""specialist""]",,curated,curated,automated,f
RadiOzora,radiozora,,Hungary,https://radiozora.fm/,"[""darkpsy"", ""full-on"", ""ozora"", ""progressive psytrance"", ""psychedelic"", ""psytrance"", ""trance""]",We are connected to the same frequency,curated,radio_browser,,f
Radio Caprice - Bulgarian Pop-Folk/Ethnopop/Chalga,radio-caprice-bulgarian-pop-folk-ethnopop-chalga,,The Russian Federation,http://radcap.ru/chalga.html,"[""bulgarian"", ""chalga"", ""ethnic"", ""folk"", ""pop folk"", ""radcap"", ""radio caprice""]","Радиоканал RADCAP (RADio CAPrice) - BULGARIAN POP-FOLK / ETHNOPOP / CHALGA - стабильный эфир, хороший звук, качественный контент.",curated,radio_browser,,f
Radio Caprice - Celtic,radio-caprice-celtic,,The Russian Federation,http://radcap.ru/,"["":-)"", ""celtic"", ""duddle sack"", ""folk"", ""irish"", ""irish folk"", ""radio caprice""]","Слушайте музыку и поэзию на RADCAP (RADio CAPrice): коллекция стилей, жанров, направлений...",curated,radio_browser,,f
Radio Caprice - Folk Death Metal,radio-caprice-folk-death-metal,,The Russian Federation,http://radcap.ru/folkdeathmetal.html,"[""death metal"", ""folk"", ""folk metal"", ""radcap"", ""radio caprice"", ""radio caprice; radcap""]","Радиоканал RADCAP (RADio CAPrice) - FOLK DEATH METAL - стабильный эфир, хороший звук, качественный контент.",curated,radio_browser,,f
Radio Caprice - Post-rock,radio-caprice-post-rock,,The Russian Federation,http://radcap.ru/postrock.html,"[""post-rock""]",,curated,radio_browser,,f
Radio Caprice - Progressive Folk,radio-caprice-progressive-folk,,The Russian Federation,http://radcap.ru/progfolk.html,"[""folk"", ""progressive folk"", ""progressive rock""]","Радиоканал RADCAP (RADio CAPrice) - PROGRESSIVE FOLK - стабильный эфир, хороший звук, качественный контент.",curated,radio_browser,,f
Radio Caprice - Russian Folk Rock,radio-caprice-russian-folk-rock,,The Russian Federation,http://radcap.ru/folkrockru.html,"[""folk"", ""folk rock"", ""radcap"", ""radio caprice"", ""russian"", ""russian rock""]","Радиоканал RADCAP (RADio CAPrice) - RUSSIAN FOLK ROCK - стабильный эфир, хороший звук, качественный контент.",curated,radio_browser,,f
Radio Caprice: Ambient,radio-caprice-ambient,,The Russian Federation,http://radcap.ru/ambient.html,"[""ambient""]","Радиоканал RADCAP (RADio CAPrice) - AMBIENT - стабильный эфир, хороший звук, качественный контент.",curated,radio_browser,,f
Radio Centraal 106.7FM,radio-centraal-106-7fm,,Belgium,https://www.radiocentraal.be/,"[""avante-garde"", ""community"", ""experimental"", ""independent"", ""non-commercial"", ""situationist""]",,curated,radio_browser,,f
Radio FM,radio-fm,,Slovakia,https://fm.rtvs.sk/,"[""alternative"", ""local music"", ""multicultural"", ""world"", ""world music""]",Slovenská televízia a rozhlas,curated,radio_browser,,f
Radio K (KUOM),radio-k,University of Minnesota,US,https://radiok.org/,"[""college"", ""discovery"", ""indie""]",Homepage | Radio K,community,curated,human,t
Radio Mela,radio-mela,,Italy,http://www.radiomela.it/,"[""80s"", ""90s"", ""italo disco"", ""new wave"", ""pop""]",Musica anni 80 90 - Vintage Radio Streaming,curated,radio_browser,mixed,f
Radio Nopal,radio-nopal,Radio Nopal,MX,https://radionopal.com,"[""indie"", ""specialist""]",📻🌵,curated,curated,,f
Radio Ozora,radio-ozora,,Hungary,https://radiozora.fm/,"[""goa"", ""psychedelic""]",We are connected to the same frequency,curated,radio_browser,,f
Radio Paradise World/ETC Mix 192k MP3,radio-paradise-world-etc-mix-192k-mp3,,The United States Of America,https://radioparadise.com/,"[""world"", ""california"", ""eclectic"", ""world music"", ""free"", ""internet"", ""non-commercial""]","Radio Paradise streams highly curated, eclectic mixes of music -- chosen by real humans -- with unparalleled audio quality.",curated,radio_browser,,f
Radio Retro Folk,radio-retro-folk,,Bulgaria,,"[""folk""]",,curated,radio_browser,,f
Radio SAR - Studencka Agencja Radiowa,radio-sar-studencka-agencja-radiowa,,Poland,https://radiosar.pl/,"[""blues"", ""gdansk"", ""jazz"", ""metal"", ""poland"", ""polish"", ""politechnika gdanska"", ""pop"", ""rock"", ""student"", ""student radio"", ""world"", ""world music""]",Radio SAR &#8211; Rozgrzewamy łącza od 1962 roku!,curated,radio_browser,,f
Radio Underground,radio-underground,,Poland,http://www.radiounderground.org/,"[""independent music"", ""metal"", ""polska"", ""post-punk"", ""punk"", ""punk rock"", ""punkowe radio"", ""radio underground"", ""reggae"", ""ska""]",PUNKOWE RADIO UNDERGROUND. Muzyka Punk z lat,curated,radio_browser,,f
Radio Zica,radio-zica,,Slovenia,http://radiozica.eu/,"[""alternative"", ""ambiental"", ""blues"", ""classic rock"", ""funk"", ""psychedelic"", ""psychedelic rock"", ""rock""]",Radio Žica &#8211; &#8230; je špica!,curated,radio_browser,,f
RadioActive,radioactive,,Greece,https://radioactivefm.gr/,"[""eclectic"", ""electronic"", ""rock"", ""world"", ""world music""]",RadioActive Official &#8211; A Small Radio Station &#8230; A Huge Fan Club,curated,radio_browser,,f
Radyo A (Radyo Anadolu Üniversitesi),radyo-a-radyo-anadolu-niversitesi,,Türkiye,http://www.radyoa.anadolu.edu.tr/,"[""blues"", ""folk"", ""pop rock"", ""university radio""]",,curated,radio_browser,,f
RauteMusik K-POP,rautemusik-k-pop,,Germany,https://rm.fm/k-pop,"[""#"", ""#charts"", ""asian"", ""asian pop"", ""charts"", ""hits"", ""k-pop"", ""korean"", ""korean music"", ""música pop"", ""pop"", ""pop music"", ""top charts"", ""world"", ""world music""]",Webradio - Internetradio - RauteMusik,curated,radio_browser,,f
RauteMusik Lounge,rautemusik-lounge,,Germany,http://www.rautemusik.fm/lounge/,"[""ambient"", ""chillout"", ""jazz""]",Webradio - Internetradio - RauteMusik,curated,radio_browser,,f
Refuge Worldwide,refuge-worldwide,Refuge Worldwide,DE,https://refugeworldwide.com,"[""indie"", ""specialist""]",Refuge Worldwide is a community radio station and fundraising platform based in Berlin.,community,curated,,f
Resonance Extra,resonance-extra,,The United Kingdom Of Great Britain And Northern Ireland,https://extra.resonance.fm/,"[""experimental"", ""global"", ""sound art""]","Resonance Extra is a 24/7 digital broadcasting platform dedicated to global music, sound art and radio art based at Resonance, London",curated,radio_browser,,f
Resonance FM 104.4 - London,resonance-fm-104-4-london,,The United Kingdom Of Great Britain And Northern Ireland,https://www.resonancefm.com/,"[""community radio"", ""experimental"", ""london""]","Resonance is a groundbreaking 24/7 radio station which broadcasts on 104.4 FM to central London, DAB to Greater London, nationally on Radioplayer and live streamed to the rest of the world",curated,radio_browser,mixed,f
Rinse FM,rinse-fm,Rinse FM,GB,https://rinse.fm,"[""anchor"", ""specialist""]",Rinse has dominated London’s radio airwaves for 30 years as a hub of the capital’s thriving urban music community,community,curated,mixed,f
Seven Rays - 7rays,seven-rays-7rays,,Ukraine,https://7promeniv.com.ua/radio-en,"[""ambient"", ""chillout"", ""meditation"", ""new age"", ""relax""]",,curated,radio_browser,,f
Skylab Radio,skylab-radio,,Australia,http://skylab-radio.com/,"[""ambient"", ""eclectic"", ""experimental"", ""hip-hop"", ""house"", ""rock"", ""techno""]",Skylab | Home,curated,radio_browser,,f
Slow Focus | NTS,slow-focus-nts,,The United Kingdom Of Great Britain And Northern Ireland,https://www.nts.live/infinite-mixtapes/slow-focus,"[""ambient"", ""drone"", ""relaxing""]","Meditative, relaxing and beatless: ambient, drone and ragas.",curated,radio_browser,,f
Soho Radio,soho-radio,Soho Radio,GB,https://sohoradio.com/,"[""community"", ""eclectic"", ""indie""]","Soho Radio is an online radio station broadcasting live from Soho and New York to the world, featuring two channels: Soho & NYC + Culture.",community,curated,human,t
SomaFM Black Rock FM (128k AAC Non-SSL),somafm-black-rock-fm-128k-aac-non-ssl,,The United States Of America,http://somafm.com/brfm/,"[""burning man"", ""electronica"", ""playa"", ""world"", ""world music""]","From the Black Rock Desert playa to the world, year round!",curated,radio_browser,,f
SomaFM CliqHop IDM (256k MP3),somafm-cliqhop-idm-256k-mp3,,The United States Of America,https://somafm.com/cliqhop/,"[""idm""]",Blips,curated,radio_browser,,f
SomaFM DEF CON Radio (128k AAC),somafm-def-con-radio-128k-aac,,The United States Of America,https://somafm.com/defcon/,"[""ambient"", ""chill"", ""defcon"", ""electronic"", ""hacker"", ""non-commercial""]",Music for Hacking. The DEF CON Year-Round Channel.,curated,radio_browser,,f
SomaFM Deep Space One (128k MP3),somafm-deep-space-one-128k-mp3,,The United States Of America,https://somafm.com/deepspaceone/,"[""ambient"", ""electronic"", ""space""]","Deep ambient electronic, experimental and space music. For inner and outer space exploration.",curated,radio_browser,,f
SomaFM Doomed (256k MP3),somafm-doomed-256k-mp3,,The United States Of America,https://somafm.com/doomed/,"[""ambient"", ""dark"", ""industrial""]",Where every day is Halloween: Dark industrial/ambient music for tortured souls.,curated,radio_browser,,f
SomaFM SF 10-33 (128k MP3),somafm-sf-10-33-128k-mp3,,The United States Of America,https://somafm.com/sf1033/,"[""ambient"", ""experimental"", ""fire scanner"", ""live"", ""mix""]",Ambient music mixed with the sounds of San Francisco public safety radio traffic.,curated,radio_browser,,f
SomaFM Secret Agent (128k MP3),somafm-secret-agent-128k-mp3,,The United States Of America,https://somafm.com/secretagent/,"[""ambient"", ""downtempo"", ""jazz"", ""lounge"", ""samba"", ""sixties""]","The soundtrack for your stylish, mysterious, dangerous life. For Spies and PIs too!",curated,radio_browser,,f
SomaFM Sonic Universe (128k MP3),somafm-sonic-universe-128k-mp3,,The United States Of America,https://somafm.com/sonicuniverse/,"[""avant-garde"", ""eclectic"", ""jazz""]","Transcending the world of jazz with eclectic, avant-garde takes on tradition.",curated,radio_browser,,f
SomaFM Synphaera Radio,somafm-synphaera-radio,,The United States Of America,https://somafm.com/synphaera,"[""ambient"", ""electronic"", ""space""]",Featuring the music from an independent record label focused on modern electronic ambient and space music.,curated,radio_browser,,f
SomaFM n5MD (128k AAC),somafm-n5md-128k-aac,,The United States Of America,https://somafm.com/n5md/,"[""ambient"", ""experimental"", ""experimental electronic music"", ""modern composition"", ""post-rock""]","Emotional Experiments in Music: Ambient, modern composition, post-rock, & experimental electronic music",curated,radio_browser,,f
SomaFM — CliqHop IDM,somafm-cliqhop,SomaFM,US,https://somafm.com/cliqhop/,"[""experimental"", ""idm"", ""specialist""]",Blips,curated,curated,automated,t
SomaFM — Lush,somafm-lush,SomaFM,US,https://somafm.com/lush/,"[""dream pop"", ""electronic"", ""specialist""]","Sensuous and mellow female vocals, many with an electronic influence.",curated,curated,automated,t
SomaFM — Sonic Universe,somafm-sonicuniverse,SomaFM,US,https://somafm.com/sonicuniverse/,"[""avant-garde"", ""jazz"", ""specialist""]","Transcending the world of jazz with eclectic, avant-garde takes on tradition.",curated,curated,automated,t
SomaFM — Suburbs of Goa,somafm-suburbsofgoa,SomaFM,US,https://somafm.com/suburbsofgoa/,"[""electronic"", ""specialist"", ""world""]",Desi-influenced Asian world beats and beyond.,curated,curated,automated,t
"Star Radio (Urban Folk) Skopje, Macedonia",star-radio-urban-folk-skopje-macedonia,,Republic Of North Macedonia,https://radiostar.pro/radiochannel/urban-folk/,"[""folk"", ""macedonian folk"", ""macedonian pop"", ""serbian folk"", ""serbian pop""]","Радио-каналот „Урбан Фолк“ започна со емитување на 1 август 2019 година под името „Стар Фолк“. Овој канал е посветен на балканската урбана фолк-музика. Нудиме посебен избор на урбана фолк-музика со побрз ритам, која е ведра и пријатна за слушање. Покрај тоа што тука претставуваме",curated,radio_browser,,f
Super45.fm,super45-fm,,Chile,https://super45.fm/,"[""experimental"", ""indie""]",Radio online desde Santiago de Chile. Probablemente la mejor radio del mundo.,curated,radio_browser,,f
Synthradio,synthradio,,The Russian Federation,http://synth-radio.ru/,"[""new wave"", ""synth"", ""synthesizer"", ""synthwave""]","Лучшая электронная музыка - Synthpop, Alternative, EBM, Futurepop и многое другое на Synth Radio! Круглосуточно!",curated,radio_browser,,f
Systrum Sistum - SSR1,systrum-sistum-ssr1,,Australia,https://www.systrum.net/,"[""ambient"", ""drone"", ""electronica"", ""experimental""]",Ambient Radio | Radio Electronica,curated,radio_browser,,f
Systrum Sistum - SSR2,systrum-sistum-ssr2,,Australia,https://www.systrum.net/,"[""electro"", ""electronica"", ""idm"", ""techno""]",Ambient Radio | Radio Electronica,curated,radio_browser,,f
The Lot Radio,the-lot-radio,The Lot Radio,US,https://www.thelotradio.com,"[""indie"", ""specialist""]",THE LOT RADIO,community,curated,human,f
The Tube | NTS,the-tube-nts,,The United Kingdom Of Great Britain And Northern Ireland,https://www.nts.live/infinite-mixtapes/the-tube,"[""avant-garde"", ""industrial"", ""minimal wave"", ""post-punk""]","Oddball post-punk, industrial provocation, and minimal wave.",curated,radio_browser,,f
Total instrumental,total-instrumental,,Germany,http://www.radio-total-instrumental.de/,"[""ambient"", ""dance"", ""electronic"", ""instrumental""]",,curated,radio_browser,,f
Traxx FM - Cool Jam,traxx-fm-cool-jam,,Switzerland,http://www.traxx.fm/,"[""commercial-free"", ""jazz"", ""lounge"", ""no ads"", ""nu jazz"", ""nu-jazz"", ""relax"", ""relaxing"", ""smooth jazz""]",,curated,radio_browser,,f
Ultra Dark Radio,ultra-dark-radio,,Germany,http://www.ultradarkradio.com/,"[""80s"", ""alternative"", ""crossover"", ""darkwave"", ""ebm"", ""gothic"", ""industrial"", ""metal"", ""new wave"", ""newcomer"", ""underground""]",,curated,radio_browser,,f
Verdure Station,verdure-station,,The Russian Federation,http://verdure.net/,"[""ambient"", ""deep ambient"", ""idm""]",Verdure station is a non-profit Internet radio station with atmosphere of comfort and peace of mind through music.,curated,radio_browser,,f
Voices Radio,voices-radio,Voices Radio,GB,https://www.voicesradio.co.uk/,"[""community"", ""indie"", ""talk""]","Voices - your local London Radio Station and Podcast Studio, streaming live from Coal Drops Yard in Kings Cross",community,curated,human,t
"WBEZ-HD2 ""Vocalo Stream"" Chicago, IL",wbez-hd2-vocalo-stream-chicago-il,,US,http://vocalo.org/,"[""chicago"", ""community radio"", ""variety"", ""world"", ""world music""]",Vocalo Radio 91.1FM Chicago&#x27;s Urban Alternative + NPR Music - Vocalo Radio 91.1FM Chicago&#x27;s Urban Alternative + NPR Music,curated,radio_browser,mixed,f
WFMU 91.1 FM,wfmu,WFMU,US,https://wfmu.org,,"WFMU-FM 91.1/Jersey City, NJ; 90.1/Hudson Valley, NY",community,curated,human,f
WHRB 95.3 FM,whrb,Harvard University,US,https://whrb.org,"[""college""]","Listen to Harvard Radio Broadcasting, WHRB 95.3 FM Cambridge",community,curated,human,f
WKNC 88.1 FM,wknc,NC State University,US,https://spinitron.com/WKNC/,"[""college""]","NC State&#039;s student-run college radio station, playing indie rock, electronic, hip-hop, jazz and metal.",community,curated,human,f
WLUW 88.7 FM,wluw,Loyola University Chicago,US,https://spinitron.com/WLUW/,"[""college""]","Trusted by over 300 non-commercial stations, Spinitron supports playlist logging, reporting, web publishing, automation, push and much more.",community,curated,human,f
WMFO 91.5 FM,wmfo,Tufts University,US,https://wmfo.org,"[""college""]",Tufts Freeform Radio,community,curated,human,f
WPFW 89.3 FM,wpfw,Pacifica Foundation,US,https://www.wpfw.org,"[""public""]","Tune in to WPFW 89.3FM for jazz, justice, and community programming in Washington, DC. Support community radio and stay updated on events and shows.",community,curated,human,f
WPKN 89.5 FM,wpkn,WPKN,US,https://wpkn.org,,"WPKN is a 10,000-watt non-profit listener-supported community radio station; broadcasting at 89.5 FM and streaming online at WPKN.org",community,curated,human,f
WPRB 103.3 FM,wprb,Princeton University,US,https://wprb.com,"[""college""]","WPRB 103.3 FM &#8211; Princeton, NJ &#8211; Community Supported Independent Radio",community,curated,human,f
WRUW 91.1 FM,wruw,Case Western Reserve University,US,https://wruw.org/,"[""college""]",,community,curated,human,f
WTBU 89.3 FM,wtbu,Boston University,US,https://spinitron.com/WTBU/,"[""college""]",Boston University&#039;s Student-Run Radio Station,community,curated,human,f
WWOZ 90.7 FM,wwoz,WWOZ,US,https://www.wwoz.org/,"[""anchor""]","WWOZ is a listener-supported, non-commercial radio station for New Orleans and the surrounding community. Jazz, Blues, Latin, Cajun, Funk and more.",community,curated,human,f
WXDU 88.7 FM,wxdu,Duke University,US,https://wxdu.duke.edu,"[""college""]",,community,curated,human,f
WXYC 89.3 FM,wxyc,UNC Chapel Hill,US,https://wxyc.org,"[""college""]","UNC-Chapel Hill&#x27;s student-run, freeform radio station",community,curated,human,f
Wavebreaker,wavebreaker,,Germany,https://laut.fm/wavebreaker,"[""alternative"", ""ambient"", ""electropop"", ""gothic"", ""indie"", ""new wave""]",,curated,radio_browser,,f
Worldwide FM,worldwide-fm,Worldwide FM,GB,https://worldwidefm.net,"[""electronica"", ""indie"", ""jazz"", ""specialist"", ""world"", ""world music""]","Listen to the best independent music, shows, and content from Worldwide FM. Discover new artists, exclusive mixes, and curated playlists.",community,curated,mixed,f
XRAY.fm,xray-fm,XRAY.fm,US,https://xray.fm/,"[""public""]",XRAY.fm aims to hold a boom mic up to the best and most distinctive of Portland.,community,curated,human,f
Yammat FM,yammat-fm,,Croatia,https://www.yammat.fm/,"[""alternative"", ""dance"", ""disco"", ""experimental"", ""funk"", ""gospel"", ""hip-hop"", ""house"", ""indie"", ""punk"", ""reagge"", ""rock"", ""soul"", ""techno"", ""world""]","Radio streamovi Za drugo stanje svijesti Pokrenite svoj zvuk, live i tematskim glazbenim streamovima. Pred vama je sve što vam treba. play_arrow ROMANTIC REBELS &#038; POP WAVES New Wave / POP / 80&#039;s / 90&#039;s play_arrow YAMMAT LIVE ON AIR play_arrow STREET SPITTA HIP HOP/",curated,radio_browser,mixed,f
aNONradio,anonradio,,The United States Of America,http://anonradio.net/,"[""community radio"", ""eclectic"", ""experimental"", ""music"", ""non-commercial"", ""non-profit"", ""talk"", ""underground"", ""volunteer""]",// aNONradio // &#8211; [LIVE]: News to Me with mnw,curated,radio_browser,,f
bauhaus.fm,bauhaus-fm,,Germany,https://www.uni-weimar.de/projekte/bauhaus-fm,"[""bauhaus"", ""experimental"", ""slow radio"", ""sound art""]",bauhaus.fm &#8211; Das experimentelle Radio an der Bauhaus-Universität Weimar | UKW 106.6 MHz,curated,radio_browser,mixed,f
dinamo.fm sleep,dinamo-fm-sleep,,Türkiye,http://www.dinamo.fm/,"[""ambient"", ""chillout"", ""lullaby"", ""relaxing"", ""sleep"", ""zen""]",Official website of Istanbul's premier electronic/indie radio station.,curated,radio_browser,mixed,f
dinamo.fm smog,dinamo-fm-smog,,Türkiye,http://www.dinamo.fm/,"[""deep"", ""dub"", ""electronica"", ""idm""]",,curated,radio_browser,mixed,f
laut.fm - Dark Sound United,laut-fm-dark-sound-united,,,https://laut.fm/dark-sound-united,"[""black metal"", ""electropop"", ""gothic"", ""gothic rock"", ""heavy metal"", ""industrial"", ""new wave"", ""synthpop""]",,curated,radio_browser,,f
laut.fm - Shamanic Tunes,laut-fm-shamanic-tunes,,,https://laut.fm/shamanic_tunes,"[""alternative"", ""chillout"", ""doom metal"", ""groove"", ""hard rock"", ""psychedelic"", ""rock"", ""stoner rock"", ""trip-hop""]",,curated,radio_browser,,f
laut.fm Schwarze Szene,laut-fm-schwarze-szene,,Germany,http://laut.fm/schwarzeszene,"[""folk"", ""dark wave"", ""electro"", ""gothic"", ""industrial"", ""medieval"", ""metal"", ""neofolk""]",,curated,radio_browser,,f
p-node,p-node,,France,https://p-node.org/,"[""experimental""]",∏ node is an hybrid radio/stream platform,curated,radio_browser,,f
psyradio * fm - progressive,psyradio-fm-progressive,,Germany,http://psyradio.fm/,"[""progressive"", ""psychedelic"", ""psytrance""]","psyradio is an online webradio station. It broadcasts his finest selection of psychedelic electronic music 24 hours a day. It consists of four music channels: progressive, psytrance, chillout and alternative.",curated,radio_browser,,f
t67-4fdb1912 All Oldies Channel,t67-4fdb1912-era,,,,,,curated,curated,,f
t67-4fdb1912 Jazz FM,t67-4fdb1912-genre,,,,,,curated,curated,,f

