cohort_rank,station,slug,action,proposed_summary,editorial_interest,evidence_quality,flag,reason,source_urls
42,Ambiento,ambiento,improve,"Ambiento is a Romanian online stream centered on ambient, lounge, and chillout music. Its available description identifies a narrow mood-based format, but provides little evidence of presenters, commissioning, community role, or a distinctive editorial program.",low,low,low_interest_and_insufficient_info,The station appears to be a generic mood stream and the linked site offers too little verifiable organizational context to assess a stronger editorial identity.,https://ambientoradio.com/
43,Polushon,polushon,improve,"Polushon is a Swedish online radio project whose available station identity is limited to its name and stream homepage. Without a clear schedule, about page, or stated music policy, its ownership, geography, and programming model remain difficult to describe responsibly.",low,low,low_interest_and_insufficient_info,The source is accessible as a homepage but supplies insufficient editorial or institutional information.,http://polushon.com/
44,Radio FM,radio-fm,improve,"Radio FM is a Slovak public-media FM service associated with Slovenská televízia a rozhlas. The available record establishes its broadcaster and national context, but the linked page does not provide enough English-accessible detail here to characterize its music schedule or editorial distinction.",medium,medium,insufficient_info,"Public broadcaster affiliation is clear, while the supplied station page gives limited evidence about this specific service’s programming.",https://fm.rtvs.sk/
46,181.FM - Chilled Out (USA) 128k mp3,181-fm-chilled-out-usa-128k-mp3,improve,"181.FM Chilled Out is an online channel from the 181.FM network built around uninterrupted chillout listening. It offers a recognizable mood and format, but the available player page provides little evidence of presenters, local community, or human-led programming.",low,medium,low_interest,"A clearly identified network stream, but commercially undifferentiated and apparently automated.",http://player.181fm.com/?station=181-chilled
47,Laut.FM Synthesizer Greatest,laut-fm-synthesizer-greatest,improve,"Synthesizer Greatest is a laut.fm user-created stream focused on ambient and electronic synthesizer music. The available record identifies its genre lane, but not a host, community, schedule, or curatorial rationale that would distinguish it beyond the category.",low,medium,low_interest,A narrow single-genre stream with limited evidence of editorial authorship.,https://www.laut.fm/synthesizergreatest
50,Culture Failure,culture-failure,improve,"Culture Failure is an independent online project associated with ambient, electronic, minimal, and noise music. The available homepage and tags suggest an exploratory electronic focus, but offer little reliable information about presenters, ownership, geography, or a recurring editorial program.",low,low,low_interest_and_insufficient_info,"Interesting genre signals are present, but the project is not sufficiently documented to evaluate as a station.",https://culturefailure.com/
51,Path through the Forest,path-through-the-forest,improve,"Path through the Forest is a laut.fm stream spanning alternative, avant-garde, experimental, indie, industrial, noise, psychedelic, punk, rock, and stoner music. Its breadth suggests personal curation, but the available page does not identify a host, schedule, or community context.",low,medium,low_interest,The genre range is distinctive but the service appears to be a user-created automated stream with little documented editorial infrastructure.,http://laut.fm/path_through_the_forest
52,Heavy Music Atmospheric Radio,heavy-music-atmospheric-radio,improve,"Heavy Music Atmospheric Radio is an online Russian project focused on atmospheric progressive and post-rock. Its stated aim is a concentrated listening environment for expansive heavy music, but the available material provides little evidence of presenters, ownership, or a wider editorial program.",medium,medium,insufficient_info,"The musical niche is clear, while institutional and programming evidence is sparse.",https://www.heavy-music.net/
53,Lolli Radio Happy Station,lolli-radio-happy-station,improve,"Lolli Radio Happy is one channel in an Italian digital-radio network that also offers pop, dance, hits, oldies, soft, and classic services. The network context is clear, but this channel’s specific editorial voice appears limited beyond its mood-and-format positioning.",low,medium,low_interest,A commercial multi-channel service with little evidence of host-led curation on this stream.,http://www.lolliradio.net/
54,Championshipvinyl,championshipvinyl,improve,"Championshipvinyl is a laut.fm stream oriented toward acoustic, folk, and indie-folk recordings. Its genre focus gives it a modest discovery angle, but the available page does not document presenters, geography, ownership, or a broader editorial purpose.",low,medium,low_interest,A narrow user-created genre stream without visible editorial infrastructure.,https://laut.fm/championshipvinyl
55,Radio Mela,radio-mela,improve,"Radio Mela is an Italian online stream built around 1980s and 1990s music. Its retro focus gives listeners a simple period-based entry point, while the available homepage offers little evidence of presenters, local community work, or a distinctive selection policy.",low,medium,low_interest,A generic nostalgia format with limited signs of human editorial differentiation.,http://www.radiomela.it/
57,6forty Radio,6forty-radio,improve,"6forty Radio is an online music project tagged for deep indie, modern classical, post-metal, post-rock, and shoegaze. Those intersections suggest a potentially strong taste profile, but the available homepage does not establish who programs it or how the stream is curated.",medium,low,insufficient_info,"The musical combination is editorially promising, but evidence about the station and its programming is too sparse.",http://www.6fortyradio.com/
58,aNONradio,anonradio,improve,"aNONradio is an independent online radio project presenting live programs and community broadcasts, including the listed News to Me show. Its homepage indicates human-made programming, but provides limited stable information about ownership, geography, schedule breadth, or music focus.",medium,medium,insufficient_info,"There is evidence of live programming, but not enough accessible context to characterize the service fully.",http://anonradio.net/
61,CKUA Radio,ckua,improve,"CKUA is an Alberta listener-supported public-radio network whose music service connects regional Canadian broadcasting with eclectic, host-led programming. The supplied homepage clearly establishes its donation-supported model, though this record needs a fuller schedule-based description of its genres and communities.",high,medium,insufficient_info,"The organization and public-service model are clear, but the supplied copy is fundraising language rather than a programming description.",https://ckua.com
62,dinamo.fm smog,dinamo-fm-smog,improve,"Dinamo.fm Smog is a Turkish online stream associated with deep, dub, electronica, and IDM. The genre combination suggests a club-oriented electronic lane, but the available station record does not document presenters, ownership, geography, or a human programming schedule.",medium,low,insufficient_info,"A potentially distinctive niche is visible, but the evidence is limited to tags and the network homepage.",http://www.dinamo.fm/
64,Experimental/Avant-garde music - Radio Caprice,experimental-avant-garde-music-radio-caprice,improve,"Radio Caprice’s experimental and avant-garde channel is a Russian internet stream organized around a narrow specialist category. It may suit listeners seeking unconventional music, but the available page offers little evidence of hosts, community, or editorial selection beyond the genre label.",medium,medium,low_interest,"A specialist stream with some discovery value, but no visible human or institutional editorial identity.",http://radcap.ru/playback-history/4/experimental-ph.php
66,Fluid Radio,fluid-radio,improve,"Fluid Radio is an online project presenting experimental frequencies and ambient-oriented music. Its name and homepage indicate a specialist listening space, but the available material does not sufficiently document ownership, presenters, geography, schedule, or the boundaries of its musical program.",medium,low,insufficient_info,"Potentially interesting specialist identity, but insufficient accessible evidence to evaluate it.",http://www.fluid-radio.co.uk/
67,JAMM FM,jamm-fm,improve,"JammFM is a Dutch local station serving Ouder-Amstel with a smooth-and-funky music brief. Its community geography and named locality give it more identity than a generic stream, although the available record does not provide enough detail about presenters, ownership, or schedule structure.",medium,medium,insufficient_info,"Local-service context is visible, but programming evidence is incomplete.",http://www.jammfm.nl/
68,Jazzloft,jazzloft,improve,"Jazzloft is a laut.fm stream combining jazz, lounge, smooth, soul, and world music. The broad easy-listening brief is clear, but the available page does not identify presenters, a locality, ownership, or a curatorial rationale beyond its genre tags.",low,medium,low_interest,A generic multi-genre stream with little evidence of an editorial institution or host community.,http://stream.laut.fm/jazzloft
71,KDUR 91.9 FM,kdur,improve,"KDUR is Fort Lewis College’s noncommercial campus station in Durango, Colorado. The supplied record confirms the university connection and a published program listing, but the linked page is a schedule platform rather than enough evidence to characterize its music, community, or editorial range.",medium,medium,insufficient_info,"Institutional context is clear, but the available source is largely infrastructure documentation.",https://spinitron.com/KDUR/
74,KSJS 90.5 FM,ksjs,improve,"KSJS is San José State University’s student-run 90.5 FM station, broadcasting new and independent music alongside campus radio programming. Its long-running university setting and student operation provide a clear community identity, though the supplied page gives limited genre detail.",high,medium,insufficient_info,"Ownership, location, and student model are clear; the available source needs a fuller current schedule for music characterization.",https://spinitron.com/KSJS/
77,KZSC 88.1 FM,kzsc,improve,"KZSC is UC Santa Cruz’s student and community station, broadcasting from the redwood-covered campus toward the wider Monterey Bay region. Its campus-community model and freeform college-radio setting are clear, while the supplied page offers little detail about current music specialties.",high,medium,insufficient_info,"The station identity and geography are established, but the schedule source is insufficient for a more specific programming description.",https://spinitron.com/KZSC/
82,Systrum Sistum - SSR2,systrum-sistum-ssr2,improve,"Systrum Sistum SSR2 is an Australian online channel presenting ambient and electronic music. The service offers a focused atmospheric listening proposition, but the available homepage does not provide enough information about presenters, ownership, geography, schedule, or a broader editorial mission.",medium,medium,insufficient_info,"The genre identity is clear, while evidence of human programming and institutional context is sparse.",https://www.systrum.net/
84,100% ACID JAZZ,100-acid-jazz,improve,"A TorontoCast Radio Suite Network stream devoted to acid jazz, with the available station page identifying a narrow genre channel but providing little evidence of presenters, ownership, or local community.",low,low,low_interest_and_insufficient_info,The page identifies only a genre stream and network host; no distinctive editorial structure is evident.,https://radiosuitenetwork.torontocast.stream/100-acid-jazz/
85,12XU,12xu,improve,"12XU is a German online station whose public identity points toward punk and underground music, but its available page offers too little verified information about operators, schedule, or community to characterize the service confidently.",medium,low,insufficient_info,The official-looking homepage is sparse and the supplied copy is a slogan rather than an accountable station description.,http://onetwoxu.de/
87,24-7 Psychedelic Rock,24-7-psychedelic-rock,improve,"A 24-7 Niche Radio stream focused on psychedelic rock, offering a tightly defined genre listen but no clear evidence on the public page of presenters, local community, or a broader editorial programme.",low,medium,low_interest,The service appears to be an automated single-genre stream with little visible human curation.,https://24-7nicheradio.com/audiogallery/24-7-psychedelic/
90,Ambient Modern,ambient-modern,improve,"Ambient Modern is an internet station centered on contemporary ambient music, offering a focused listening stream whose public description establishes the genre but not a presenter roster, ownership model, or community role.",low,medium,low_interest,"A single-genre service is identifiable, but no stronger editorial distinction is documented.",https://ambientmodern.com/
91,ambient.fm,ambient-fm,improve,"ambient.fm presents ambient music from Nevada through an online stream, with a useful geographic label but limited public evidence about programming, hosts, ownership, or how human selection shapes the channel.",low,low,low_interest_and_insufficient_info,The homepage establishes location and genre only; the service is difficult to evaluate editorially.,https://ambient.fm/
92,AmbientRadio (MRG.fm),ambientradio-mrg-fm,improve,"AmbientRadio is one of MRG.fm’s genre-oriented online channels, built for continuous ambient listening; the public network page provides little information about presenters, programming decisions, or a distinct community beyond the format label.",low,low,low_interest_and_insufficient_info,Network directory evidence is too thin to distinguish this channel from an automated genre feed.,https://www.mrg.fm/
94,Avant-Prog/Rock in Opposition/Canterbury Scene/Zeuhl - Radio Caprice,avant-prog-rock-in-opposition-canterbury-scene-zeuhl-radio-caprice,improve,"Radio Caprice’s specialist channel isolates avant-prog, Rock in Opposition, Canterbury, and zeuhl for listeners seeking a narrow art-rock catalogue, but the public page gives little evidence of presenters or a broader editorial institution.",medium,low,low_interest_and_insufficient_info,"Distinctive niche, but the available evidence describes tags and format rather than human programming.",http://radcap.ru/avantprog.html
95,Basspistol Radio,basspistol-radio,improve,"Basspistol Radio is a Swiss online project framed around underground and outernational music, with a deliberately cross-border outlook; its public page supports the concept but gives limited detail on schedule, hosts, and governance.",medium,medium,insufficient_info,"The station has a potentially distinctive remit, yet the accessible evidence is mostly positioning language.",https://basspistol.com/radio
97,Black Rhino Radio,black-rhino-radio,improve,"Black Rhino Radio is a Romanian online station with an independent music and culture profile, but its accessible homepage offers too little verified detail about ownership, geography beyond Romania, presenters, or the shape of its current schedule.",medium,low,insufficient_info,"The station appears culturally oriented, but the available evidence is not enough for a precise editorial account.",https://blackrhinoradio.com/
99,Chill Lounge Florida (USA) 128k mp3,chill-lounge-florida-usa-128k-mp3,improve,"Chill Lounge Florida is an online stream labeled around ambient, chillout, and lounge listening, with the relay URL offering no reliable evidence of presenters, ownership, community, or a distinctive editorial programme.",low,low,low_interest_and_insufficient_info,The source is a stream endpoint with scraped tags rather than an accountable station page.,https://vip2.fastcast4u.com/proxy/chillfla?mp=/1
103,CoSTa's Ambient Radio,costa-s-ambient-radio,improve,"CoSTa’s Ambient Radio is an online stream tagged for ambient, electronic, and psybient music, but its relay page provides no dependable information about presenters, ownership, locality, or a human editorial schedule.",low,low,low_interest_and_insufficient_info,The available evidence is limited to scraped genre metadata and a stream endpoint.,https://pc.costa-server.info.pl:11020/public/costas_ambient_radio
104,Cryosleep,cryosleep,improve,"Cryosleep is an Echoes of Bluemars ambient stream built for calm, beatless, space-themed listening, with the project’s surrounding site providing more context than a generic relay but little evidence of live presenters.",medium,medium,low_interest,"Its space-ambient concept is distinctive, but the service appears primarily continuous and automated rather than programme-led.",http://www.echoesofbluemars.org/cryosleep.php
106,Darksynth Radio,darksynth-radio,improve,"Darksynth Radio is a laut.fm channel centered on dark synth, synthpop, darkwave, and related electronic styles, offering a focused mood and era palette but little evidence of presenters or independent editorial infrastructure.",low,medium,low_interest,"A tightly bounded genre stream is identifiable, but it is not clearly differentiated from other automated platform channels.",https://laut.fm/darksynthradio
107,DEEP IN SPACE,deep-in-space,improve,"DEEP IN SPACE is a Russian online project presenting music for imagined space travel, a strong atmospheric concept whose public materials provide little information about hosts, ownership, schedule, or community programming.",medium,low,insufficient_info,"The concept is memorable, but the evidence does not support a fuller editorial description.",https://deepinspace.ru/
108,Deep Radio,deep-radio,improve,"Deep Radio is a Dutch online dance station that describes nearly two decades of continuous dance-music broadcasting, but its public presentation offers limited detail on presenters, programming choices, or a community beyond the genre service.",low,medium,low_interest,"Longevity is notable, yet the available description remains broadly interchangeable with a commercial dance stream.",https://deep.radio/
109,DJ 666 Geordieblackcore,dj-666-geordieblackcore,improve,"DJ 666 Geordieblackcore is a laut.fm channel assembled around black metal, crust, death metal, grindcore, punk, and related extreme styles, with a sharply defined taste but little evidence of a wider editorial operation.",medium,low,low_interest_and_insufficient_info,The genre list is distinctive but comes from scraped tags and does not establish human programming.,https://laut.fm/dj666geordieblackcore
111,EBM,ebm,improve,"EBM is a Flatlines Radio channel focused on darkwave, electronic body music, industrial, and related new-wave territory, but the public evidence does not establish hosts, ownership, or a broader editorial programme.",low,low,low_interest_and_insufficient_info,"The identity is a genre label attached to a platform stream, with little accountable information.",https://flatlinesradio.de/
112,Echoes of Bluemars,echoes-of-bluemars,improve,"Echoes of Bluemars is an ambient internet project organized around spacious, cinematic, and space-themed listening, with a recognizable concept but limited public evidence of presenters or community programming.",medium,medium,low_interest,"The imaginative theme is distinctive, while the channel appears largely continuous rather than human-programmed.",http://www.echoesofbluemars.org/bluemars.php
113,ElectroZombies,electrozombies,improve,"ElectroZombies is a German synth-pop culture site and stream-oriented project covering classic and contemporary synth pop through music videos, album reviews, and related listening, rather than a clearly documented community station.",medium,medium,insufficient_info,"Editorial publishing is evident, but the exact relationship between website, stream, and station schedule is unclear.",https://electrozombies.com/
114,Elektronisch Querbeat,elektronisch-querbeat,improve,"Elektronisch Querbeat is a laut.fm electronic channel tagged for abstract, ambient, broken beat, dubstep, glitch, and IDM, offering broad experimental texture but little evidence of presenters or a distinct operating community.",low,low,low_interest_and_insufficient_info,The available record is a tag list and platform page rather than editorial documentation.,http://laut.fm/elektronisch_querbeat
115,EPIC CLASSICAL - Classical Dinner,epic-classical-classical-dinner,improve,"EPIC CLASSICAL Classical Dinner is a German online stream combining classical, piano, jazz, ambient, and lounge cues for background listening, with the network page offering little evidence of presenters or a distinct editorial voice.",low,low,low_interest_and_insufficient_info,The broad mood-service description suggests automated listening rather than a differentiated programme.,https://epic-classical.com/
116,EPIC CLASSICAL - Classical Oldies,epic-classical-classical-oldies,improve,"EPIC CLASSICAL Classical Oldies is a genre stream for older classical and piano selections with ambient, jazz, and lounge adjacency, but its public network page does not document hosts or a meaningful community model.",low,low,low_interest_and_insufficient_info,The channel is a narrowly packaged network stream with sparse editorial evidence.,https://epic-classical.com/
117,EPIC CLASSICAL - Classical Study,epic-classical-classical-study,improve,"EPIC CLASSICAL Classical Study is a background-oriented stream blending classical, piano, ambient, jazz, and chillout cues, with no clear public evidence of presenters, curation policy, or community beyond the network brand.",low,low,low_interest_and_insufficient_info,The supplied tags and network homepage do not support a richer editorial account.,https://epic-classical.com/
118,Euro Smooth Jazz,euro-smooth-jazz,improve,"Euro Smooth Jazz is a German-facing online stream and information page for contemporary smooth jazz, with playlist and current-song framing but little evidence of presenters, ownership, or a distinctive community role.",low,medium,low_interest,The service is a conventional single-genre stream whose public identity is primarily format-based.,http://eurosmoothjazz.com/
119,Experimentalgems,experimentalgems,improve,"Experimentalgems is a laut.fm channel tagged for ambient, drone, avant-garde, electronic, and experimental jazz, suggesting a potentially interesting niche but providing little evidence of presenters or programming decisions.",medium,low,insufficient_info,"The music territory is distinctive, but the only substantial evidence is scraped metadata.",https://laut.fm/experimentalgems
121,Flatlines Radio,flatlines-radio,improve,"Flatlines Radio is a German online service spanning darkwave, EBM, gothic, industrial, post-punk, metal, and neofolk, with a coherent alternative palette but limited public evidence of hosts or community programming.",medium,medium,low_interest,"The genre world is clear, but the service appears primarily format-driven and its editorial structure is not well documented.",https://www.flatlinesradio.de/
124,HEXX 9 Radio,hexx-9-radio,improve,"HEXX 9 Radio is an online experimental stream associated with dark ambient, occult, tape, EVP, and death-oriented sound. Its public-facing description is highly stylized, but does not establish an identifiable organization, location, or human programming structure.",low,low,low_interest_and_insufficient_info,"The homepage offers evocative fragments rather than verifiable station, ownership, schedule, or programming information.",http://hexx9.com/
125,HighFi Dream,highfi-dream,improve,"HighFi Dream is a U.S. HD4 radio stream presenting a curated music service under the HighFi Dream name. The available description identifies the broadcast outlet and curation claim, but supplies little about its programmers, community role, or musical point of view.",low,low,low_interest_and_insufficient_info,The public page provides a format label and slogan but not enough editorial or institutional detail to evaluate the service.,https://highfidream.com/
126,Hirschmilch Radio,hirschmilch-radio,improve,"Hirschmilch Radio is a German online channel centered on ambient, chillout, and relaxation listening. The stream has a clear mood-based format, but the available channel endpoint does not document an editorial team, schedule, ownership, or distinctive community context.",low,low,low_interest_and_insufficient_info,Evidence is limited to a stream URL and scraped genre tags; this appears to be a narrowly formatted channel rather than a documented editorial station.,https://hirschmilch.de:7001/chillout.mp3
128,Kapitał,kapita,improve,"Kapitał is a Polish community web radio presenting itself as a collective platform rather than a conventional commercial broadcaster. Its name and community positioning are clear, but the available homepage evidence does not establish its city, schedule, ownership, or particular musical focus.",medium,low,insufficient_info,The official site identifies a community-radio model but offers too little accessible detail to characterize its editorial range responsibly.,https://radiokapital.pl/
134,Lahmacun Radio,lahmacun-radio,improve,"Lahmacun Radio is an online music-and-culture service from Budapest, operating since 2018. Its public description establishes a local independent identity, but does not provide enough accessible schedule or organizational detail to explain how its music programming is selected.",medium,medium,insufficient_info,"The official homepage gives name, place, and start date but limited information about ownership, presenters, or musical remit.",https://lahmacun.hu/
135,laut.fm - Dark Sound United,laut-fm-dark-sound-united,improve,"Dark Sound United is a laut.fm channel assembled around black metal, gothic rock, industrial, new wave, synthpop, and adjacent dark music. Its genre lane is legible, but the available page does not identify human programmers or a community beyond the platform-hosted stream.",low,low,low_interest_and_insufficient_info,A platform page and scraped tags establish genre only; no independent editorial identity or schedule is evident.,https://laut.fm/dark-sound-united
136,laut.fm - Shamanic Tunes,laut-fm-shamanic-tunes,improve,"Shamanic Tunes is a laut.fm channel combining psychedelic, stoner, and hard rock with adjacent chillout, doom, and trip-hop tags. The channel has a recognizable mood and genre cluster, but no accessible evidence of presenters, ownership, or a broader editorial project.",low,low,low_interest_and_insufficient_info,The source is a platform page with scraped tags and no documented human programming model.,https://laut.fm/shamanic_tunes
137,Laut.FM Chillout-Radio,laut-fm-chillout-radio,improve,"Laut.FM Chillout-Radio is a Germany-linked internet channel focused on ambient and space-oriented chillout music. It offers a narrowly defined listening mood, but the available public material does not establish who programs it or what distinguishes it from other automated relaxation streams.",low,low,low_interest_and_insufficient_info,Only platform metadata and genre tags are available.,https://laut.fm/chilloutradio
138,laut.fm Schwarze Szene,laut-fm-schwarze-szene,improve,"Schwarze Szene is a laut.fm channel for darkwave, gothic, industrial, medieval, metal, neofolk, and related dark music. The genre territory is clear, but the available platform page does not document presenters, ownership, schedule, or a distinctive community role.",low,low,low_interest_and_insufficient_info,Evidence is limited to scraped tags on a hosting platform.,http://laut.fm/schwarzeszene
139,Laut.FM Shoegaze,laut-fm-shoegaze,improve,"Laut.FM Shoegaze is a platform-hosted channel built around shoegaze and neighboring dream-pop, post-punk, indie, ambient, and electronic sounds. Its specialist focus is apparent, but no accessible material identifies human curators, an organization, or programming beyond the genre list.",low,low,low_interest_and_insufficient_info,The listing supplies genre tags only and does not support a richer editorial account.,https://laut.fm/shoegaze
140,Le Grigri,le-grigri,improve,"Le Grigri is a French music publication and radio project presenting live tracks, artist selections, and carte-blanche programming. Its homepage shows active editorial features and cultural coverage, but the available extract does not clearly state its city, ownership, or regular broadcast structure.",medium,medium,insufficient_info,The official site contains evidence of editorial activity but is difficult to evaluate from the accessible homepage extract.,https://www.le-grigri.com/
141,LYL Radio,lyl-radio,improve,"LYL Radio is a French online station whose public-facing identity is centered on human-led music programming and a broad independent scene. The accessible homepage supplies too little detail about its base, ownership, schedule, or specific musical communities to support a more precise summary.",medium,low,insufficient_info,The homepage resolves to a minimal presentation with no enough accessible institutional or programming detail.,https://lyl.live/
142,MDR Sputnik Insomnia,mdr-sputnik-insomnia,improve,"MDR Sputnik Insomnia is a German broadcaster’s late-night music concept built around melancholic, psychedelic, and slow selections. The mood is distinctive, but the available page does not explain the show’s current schedule, presenters, or editorial relationship to MDR Sputnik in enough detail.",medium,medium,insufficient_info,"A broadcaster page and scraped descriptors identify the concept, but evidence for current editorial structure is sparse.",http://sputnik.de/sendungen/musikspecials/sputnik-insomnia--100.html
143,Melodies Web Radio,melodies-web-radio,improve,"Melodies Web Radio is a Greek online channel associated with ambient, relaxation music, and jazz. Its mood-based remit is clear from the available listing, but the public material does not establish its programmers, location beyond country, ownership, or a distinctive editorial approach.",low,low,low_interest_and_insufficient_info,The accessible source is a basic site with scraped genre information and little evidence of human curation.,https://melodieswebradio.wixsite.com/
144,Memory Lane | NTS,memory-lane-nts,improve,"Memory Lane is an NTS Infinite Mixtape built as a continuous online selection rather than a separately documented station. Its archival, mood-driven concept fits NTS’s curated listening tools, but the page offers little information about a permanent host, schedule, or independent identity.",medium,medium,insufficient_info,The official page establishes an NTS mixtape but not enough detail to evaluate it as a standalone station.,https://www.nts.live/infinite-mixtapes/memory-lane
145,Modular-Station,modular-station,improve,"Modular Station is a French online radio project organized around modular music and electronic listening. The title establishes a specialist focus, but the accessible public description does not sufficiently document its programmers, location, schedule, ownership, or relationship to a wider music community.",medium,low,insufficient_info,"The official homepage is sparse, leaving the station’s editorial model difficult to evaluate.",https://modular-station.com/
146,NEOFOLK,neofolk,improve,"NEOFOLK is a Germany-linked channel focused on neofolk and adjacent darkfolk, experimental, industrial, pagan, and post-punk music. The specialist territory is clear, but the available page does not identify a programming team, schedule, ownership, or community context beyond the genre catalog.",low,low,low_interest_and_insufficient_info,The source exposes genre tags but little evidence of an independent editorial organization.,https://flatlinesradio.de/
148,Nightride FM - Datawave,nightride-fm-datawave,improve,"Nightride FM’s Datawave channel is an online synthwave and cyberpunk stream spanning retrowave, darksynth, EBM, drum and bass, techno, and related electronic styles. Its scene focus is clear, but the public description does not establish presenters, ownership, or a broader editorial program.",low,medium,low_interest,The official page supports a focused genre stream but provides little evidence of human or community programming.,https://nightride.fm/
149,OFFradio (320),offradio-320,improve,"OFFradio is a Greek online station that has presented music streaming from 2008. Its public description emphasizes a popular continuous service, but does not provide enough accessible information about presenters, ownership, location, schedule, or musical selection to characterize a stronger editorial identity.",low,low,low_interest_and_insufficient_info,The homepage offers a longevity and popularity claim but little verifiable programming detail.,http://offradio.gr/
150,p-node,p-node,improve,"p-node is a French hybrid radio and streaming platform whose identity sits between broadcast, networked media, and experimental online infrastructure. The available homepage establishes that hybrid model, but gives too little accessible information about its programmers, geography, or musical focus.",medium,low,insufficient_info,The official site identifies an unusual platform model but does not expose enough detail for a confident music description.,https://p-node.org/
151,Planet Ambi HD,planet-ambi-hd,improve,"Planet Ambi HD is a Switzerland-linked 24-hour ambient stream designed for relaxation and sleep, emphasizing beatless soundscapes. Its use case and musical focus are explicit, but there is no accessible evidence of presenters, a community, or a distinctive editorial selection process.",low,medium,low_interest,"This is a clearly labeled functional ambient stream, but not an evidently differentiated human-curated station.",https://planetambi.com/
152,Play Emotions,play-emotions,improve,"Play Emotions is an Italian-linked online channel associated with ambient, chillout, and relaxing music. The mood-based format is apparent from the available metadata, but the public record does not identify its organization, location, presenters, schedule, or musical point of view.",low,low,low_interest_and_insufficient_info,Only scraped tags and no reliable editorial or institutional context are available., 
154,PsyRadio Chillout,psyradio-chillout,improve,"PsyRadio Chillout is the chillout stream in PSYRadio’s four-channel online network, alongside progressive, psytrance, and alternative services. It offers a clear psychedelic-electronic listening lane, but the available official description does not establish presenters, ownership, or a distinctive editorial community.",low,medium,low_interest,The channel is a narrowly defined companion stream with limited evidence of human programming.,http://psyradio.fm/
155,PsyStream,psystream,improve,"PsyStream is a UK-linked online channel focused on progressive, psychedelic, psytrance, and trance music. Its genre territory is identifiable, but the available public source does not document presenters, ownership, schedule, or a curatorial approach beyond the format labels.",low,low,low_interest_and_insufficient_info,The accessible evidence is a genre listing rather than a documented editorial station.,http://psymusic.co.uk/
156,RADCAP: AMBIENT DUB,radcap-ambient-dub,improve,"RADCAP’s Ambient Dub channel is a Russian genre stream dedicated to ambient dub. It belongs to the Radio Caprice network of narrowly labeled channels, but the available page offers no evidence of presenters, community participation, or a selection process beyond continuous genre programming.",low,medium,low_interest,"The network and channel remit are identifiable, but the service is editorially undifferentiated from an automated specialist feed.",http://radcap.ru/ambientdub.html
157,RADCAP: ATMOSPHERIC / AMBIENT BLACK METAL,radcap-atmospheric-ambient-black-metal,improve,"RADCAP’s Atmospheric/Ambient Black Metal channel is a Russian Radio Caprice stream focused on atmospheric and ambient black metal. Its specialist genre is precise, but the available page does not document human hosts, schedule, ownership beyond the network, or a wider scene role.",low,medium,low_interest,A narrowly labeled network stream with no accessible evidence of a distinct programming organization.,http://radcap.ru/aabmds.html
158,RADCAP: DRONE AMBIENT,radcap-drone-ambient,improve,"RADCAP’s Drone Ambient channel is a Russian Radio Caprice stream devoted to drone and ambient music. The format is unambiguous, but the available channel page does not identify presenters, community, schedule, or curatorial practices beyond continuous genre delivery.",low,medium,low_interest,The stream is a narrow network genre channel and appears commercially and editorially undifferentiated.,http://radcap.ru/droneambient.html
159,RADCAP: INDUSTRIAL / DARK / RITUAL AMBIENT,radcap-industrial-dark-ritual-ambient,improve,"RADCAP’s Industrial/Dark/Ritual Ambient channel is a Russian Radio Caprice stream for dark ambient and industrial-adjacent sound. Its thematic territory is specific, but the accessible page provides no evidence of hosts, community, or a distinct editorial process beyond the genre label.",low,medium,low_interest,The network channel has a clear mood but little evidence of human-led programming.,http://radcap.ru/darkambient.html
160,Radio Caprice - Avant-Garde Jazz / Free Improvisation [2],radio-caprice-avant-garde-jazz-free-improvisation-2,improve,"Radio Caprice’s Avant-Garde Jazz/Free Improvisation channel is a Russian network stream for experimental jazz. The specialist remit may interest listeners seeking a narrow catalog, but the available source does not identify hosts, schedule, community, or curation beyond continuous genre programming.",low,medium,low_interest,A precise but apparently automated network channel with no documented editorial organization.,http://radcap.ru/avantgardejazz.html
161,Radio Caprice - Experimental Techno [2],radio-caprice-experimental-techno-2,improve,"Radio Caprice’s Experimental Techno channel is a Russian network stream focused on experimental electronic music. Its genre target is clear, but the public channel page does not document presenters, schedule, ownership beyond Radio Caprice, or a distinctive human editorial model.",low,medium,low_interest,The channel is a narrow specialist feed with no accessible evidence of human-led programming.,http://radcap.ru/exptechno.html
162,Radio Caprice - Folk Death Metal,radio-caprice-folk-death-metal,improve,"Radio Caprice’s Folk Death Metal channel is a Russian network stream dedicated to the intersection of folk and death metal. The unusual genre pairing gives it some discovery value, but the available page does not show presenters, schedule, community, or curation beyond continuous network delivery.",medium,medium,low_interest,"The niche is distinctive, but the channel remains an undocumented genre feed rather than an evident editorial station.",http://radcap.ru/folkdeathmetal.html
163,Radio Caprice - Psychedelic Folk,radio-caprice-psychedelic-folk,improve,"Radio Caprice’s Psychedelic Folk channel is a Russian network stream focused on psychedelic folk. Its narrow musical premise is legible, but the accessible page does not identify hosts, schedule, organization beyond Radio Caprice, or a human selection process.",low,medium,low_interest,The channel has a precise genre label but no documented editorial structure.,http://radcap.ru/psychfolk.html
164,Radio Caprice: Ambient,radio-caprice-ambient,improve,"Radio Caprice’s Ambient channel is a Russian network stream devoted to ambient music. It is easy to understand as a focused listening utility, but the available page does not establish presenters, community, schedule, or a distinct editorial identity beyond continuous genre programming.",low,medium,low_interest,A narrow network stream with insufficient evidence of human-led programming or differentiation.,http://radcap.ru/ambient.html
166,RADIO DIMENSIONE RELAX,radio-dimensione-relax,review_required,"Italian internet radio centered on ambient, lounge, chillout, jazz, and relaxation listening, presented as a continuous mood-oriented stream rather than a clearly documented host-led station.",low,low,low_interest_and_insufficient_info,The format is narrowly mood-based and the public site supplies too little ownership or programming detail to assess a stronger editorial identity.,https://rdastation.it/
170,Radio Zica,radio-zica,review_required,"Slovenian web radio associated with the Radio Žica project, but its public-facing material does not yet provide enough reliable detail about ownership, presenters, geography, or musical programming.",low,low,insufficient_info,The slogan and directory record are insufficient to evaluate the station’s editorial character.,http://radiozica.eu/
174,RauteMusik Lounge,rautemusik-lounge,review_required,"RauteMusik Lounge is a German internet stream aimed at lounge and relaxed listening, but its public listing gives little evidence of human hosts, commissioning, community role, or a distinctive editorial programme.",low,low,low_interest_and_insufficient_info,The available description is a generic web-radio label and does not establish meaningful editorial differentiation.,http://www.rautemusik.fm/lounge/
177,Seven Rays - 7rays,seven-rays-7rays,review_required,"Seven Rays is an online relaxation stream organized around ambient, meditation, new-age, and chillout listening, with little public evidence of presenters, commissioning, or a broader community editorial mission.",low,low,low_interest_and_insufficient_info,"The genre tags describe a mood channel, but the site provides too little information to evaluate human curation.",https://7promeniv.com.ua/radio-en
178,Skylab Radio,skylab-radio,review_required,"Skylab Radio is an Australian internet station, but the available public material does not establish a sufficiently clear ownership model, location beyond country, host roster, or distinctive music brief.",low,low,insufficient_info,The homepage is accessible as a station identity but does not provide enough evidence for a responsible editorial description.,http://skylab-radio.com/
190,Total instrumental,total-instrumental,review_required,"German internet stream centered on instrumental, ambient, dance, and electronic music, with insufficient public evidence of presenters, ownership, or a distinctive editorial model.",low,low,low_interest_and_insufficient_info,The available material is limited to broad tags and does not support a stronger station profile.,http://www.radio-total-instrumental.de/
191,Traxx FM - Ambient,traxx-fm-ambient,review_required,"Traxx FM Ambient is a Swiss web stream for ambient, chillout, and relaxation music, but its public information does not establish a presenter-led or otherwise distinctive editorial identity.",low,low,low_interest_and_insufficient_info,This appears to be a narrowly mood-oriented stream with sparse documentation beyond genre tags.,http://www.traxx.fm/
193,Verdure Station,verdure-station,review_required,"Verdure Station is a Russian internet radio project presenting atmospheric, comforting, and peaceful music, but the available site material is too sparse to assess its curation or community role.",low,low,low_interest_and_insufficient_info,"The stated mood is clear, while ownership, programming, and editorial distinctiveness are not.",http://verdure.net/
195,Wavebreaker,wavebreaker,review_required,"Wavebreaker is a German laut.fm stream combining alternative, ambient, electropop, gothic, indie, and new-wave selections, but the available listing offers little evidence of human editorial programming.",low,low,low_interest_and_insufficient_info,The genre mix is broad but not enough to establish a distinct station identity or curation model.,https://laut.fm/wavebreaker
