rank,name,slug,recommendation,editorial_score,evidence,selector,format,top_artists,reason,source_url
1,Experimentalgems,experimentalgems,keep,95,"Official Laut.fm API: Neue und alte spannende, experimentelle Musik aus verschiedenen Genres. Current playlist: Basisplaylist; next playlist: Around The World- Jeden Montag einmal rund um die Welt.",DJ Toni,Online-Radio.,And Also The Trees; Alva Noto & Ryuichi Sakamoto; Nicolas Jaar; Ben Frost; AutoBahn; Philip Glass Ensemble; Coil; Dhafer Youssef; The Kilimanjaro Darkjazz Ensemble; Trent Reznor and Atticus Ross,"Best Lore fit: named DJ Toni, Potsdam identity, explicit experimental remit, broad but coherent experimental/electronic/jazz/drone/free-jazz/avant-garde range, and a named weekly Around The World program.",https://api.laut.fm/station/experimentalgems
2,Elektronisch Querbeat,elektronisch-querbeat,keep,92,"Official Laut.fm API: WARNING! Please do not listen to this radio station, if you only support commercial music. ___________________ Have the time and focus to search out underground music. _____________ This station is for electronic music lovers. Music keeps us alive! Current playlist: elektronisch_querbeat; next playlist: elektronisch_querbeat.",daniel settler,"IDM, Glitch, Abstract, Broken Beat, Dubstep, Ambient & more.","Four Tet; Radiohead; Vector Lovers; Autophonic; Untold; Lucy; Sparrow Orange; Two Lone Swordsmen; Moore, Steve; Remote Viewer, The","Strong experimental-electronic fit: Daniel Settler is identified, the format explicitly names IDM, glitch, abstract, broken beat and dubstep, and the artist profile reaches beyond obvious commercial electronica.",https://api.laut.fm/station/elektronisch_querbeat
3,Path Through The Forest,path-through-the-forest,keep,88,Official Laut.fm API: ☺ ♪ ☻ ♫ ☼. Current playlist: Rotation; next playlist: punk.,Zottel,Path through the Forest — Obskure Perlen der Musik.,Ougenweide; Monster Magnet; Big Brother & The Holding Company; Doc Wör Mirran; The Courettes; Top Down; The Cure; Throbbing Gristle; Theresa Dold; Gerard,"Distinctive independent taste profile from DJ Zottel in Hamburg, with experimental, industrial, drone, psychedelic and punk signals plus a named punk program; playlist is less structured, so it ranks below the top two.",https://api.laut.fm/station/path_through_the_forest
4,Alternativeworld,alternativeworld,consider,87,"Official Laut.fm API: The Best in Indie, Alternative, Punk, New Wave and Britpop - from the classics of the 70's to the latest inside tips. Song request: request@alternativeworld.org.  Visit our website. It's great! Current playlist: Auf Solopfaden; next playlist: Aus der Garage.","Clifden, Gad The Hero, Milton Waddams, Ruby","Indie, Alternative, Punk, New Wave, Britpop.",Descendents; Buzzcocks; Vibrators; The Stooges; UK Subs; The Ramones; The Clash; The Mighty Mighty Bosstones; Johnny Thunders; Sham 69,"Good independent discovery candidate with four named DJs, request contact, explicit classics-to-new-tips remit, and named garage/solo programs; less experimental than the top three.",https://api.laut.fm/station/alternativeworld
5,Shoegaze,laut-fm-shoegaze,consider,85,"Official Laut.fm API: Shoegaze, Dream Pop, Indie, Metal, Electro, Post-Punk, Ambient, Hip-Hop. Current playlist: Indie Classics; next playlist: Shoegaze Classics.",D. Schacht & I. Benninghofen,Best Music in Aachen.,Beastie Boys; Biffy Clyro; Blumio; Bloodhound Gang; Blondie; The BossHoss; Billy Talent; Archive; Babyshambles; Beck,"Two named DJs, Aachen identity, and named Indie Classics/Shoegaze Classics programs make this a credible specialist discovery channel, though its stated range and artist profile are somewhat broad.",https://api.laut.fm/station/shoegaze
6,Shamanic Tunes,laut-fm-shamanic-tunes,consider,82,Official Laut.fm API: Psychedelic/Stoner Rock dominieren das Programm. Zwischendurch gibt es ausgewählte Schmankerl aus Post Rock/Shoegaze/Math Rock/Trip Hop/Noise/Alternative/etc. Current playlist: The Psychedelic Punch (Mixed Music); next playlist: Indie/Alternative/Personal Favourites.,Manuel,"Alternative, Hard Rock, Psychedelic, Trip-Hop, Stoner Rock, Doom Metal, Rock, Groove, Chillout",Kyuss; Fu Manchu; Sungrazer; Slo Burn; Desert Sessions; Orange Goblin; Colour Haze; Queens Of The Stone Age; Masters of Reality; Hermano,"Named selector Manuel and unusually coherent psychedelic/stoner/post-rock/shoegaze/trip-hop brief with themed programs; chillout appears in the tag set, not the station name, so it remains eligible.",https://api.laut.fm/station/shamanic_tunes
7,Darksynth-Radio,darksynth-radio,consider,80,"Official Laut.fm API: Welcome to the universe of dark, rare and forgotten tunes! We play outstanding tracks from mainly these genres: 80s, Darkwave, Minimal-Wave, Coldwave, Nu-Disco, Synth-Pop, Synthwave, Techno  . Current playlist: DARK SYNTH MIX 2; next playlist: DARK SYNTH MIX 3.",Not identified,Exquisite handpicked dark synth sound for the soul!,Darkways; Milliken Chamber; ULTRA SUNN; The Foreign Resort; The Essence; The Endearing; Cagedbaby & Dorothys Fortress; Mesh; The Brides of the Black Room; Mild Peril,"Explicit handpicked dark-synth brief and a strong specialist catalog, but no named selector and long mix blocks make the human editorial signal weaker.",https://api.laut.fm/station/darksynthradio
8,Sound,laut-fm-sound,consider,78,"Official Laut.fm API: ...and all the music that fits between the cracks: Traditional, Old Time, Roots, Revival and related styles. Current playlist: Rotation A; next playlist: Rotation A.",LazyBob,Gems of American Folk & Country Music...,Doc Watson; Jimmie Driftwood; Ed McCurdy; The Journeymen; The Highwaymen; The New Lost City Ramblers; Ola Belle Reed; The Browns; Hearts And Flowers; The Dillards,"Named DJ LazyBob and a clear American folk/country/roots remit with a deep historical artist profile; valuable niche, but less aligned with Lore’s experimental center.",https://api.laut.fm/station/sound
9,Kakerlaken-Radio,laut-fm-kakerlakenradio,consider,76,"Official Laut.fm API: Der Kakerlakeneffekt: Wenn alle bei einem Song fluchtartig die Tanzfläche verlassen.  
Rock-Pop-Sender unter https://laut.fm/leoradio  . Current playlist: Dies und das; next playlist: IndieCindy2.",Underpop,Indie-Rock-Pop-Alternative-New-Wave-Punk-Britpop-Garage.,Franz Ferdinand; Shocking Blue; The Ramones; Blondie; The Doors; The Von Bondies; Dum Dum Girls; Billy Idol; Morrissey; The Ventures,"Named Underpop programmer, Mannheim identity, broad indie/alternative/punk range and named rotating programs; useful independent texture but less distinctive than higher-ranked candidates.",https://api.laut.fm/station/kakerlakenradio
10,Rabenwind,radio-rabenwind,consider,72,"Official Laut.fm API: Musik der Mittelalter-Szene, Mittelalter-Rock und nordisches Liedergut. Current playlist: Liste 005/20; next playlist: Liste 010/20.",Thoralf Gerhardson,Radio Rabenwind.,SKÁLD; Versengold; Gabria; Spielleute Skadefryd; Saltatio Mortis; Wardruna; Kupfergold; Feuerschwanz; Frisia non Cantat; Dúo El Mar,"Named selector Thoralf Gerhardson and a defined Radio Rabenwind. format, but the API shows limited evidence of a distinctive Lore-level editorial structure.",https://api.laut.fm/station/rabenwind
11,Schwarzeszene,laut-fm-schwarze-szene,consider,70,"Official Laut.fm API: Gothic, Dark Wave, Neofolk, Industrial, Elektro, Metal, Medieval. Current playlist: New- And Old-Fashioned; next playlist: Medieval.",Teppic,Schwarze Szene.,Mono Inc.; Das Ich; Wynardtage; Paradise Lost; Diary Of Dreams; Saltatio Mortis; Zeraphine; Lacrimosa; Mechanical Moth; Noisex,"Named selector Teppic and a defined Schwarze Szene. format, but the API shows limited evidence of a distinctive Lore-level editorial structure.",https://api.laut.fm/station/schwarzeszene
12,Dark Mythos,laut-fm-dark-mythos,consider,69,"Official Laut.fm API: dark-MYTHOS steht für romantische Musik aus Gothic, Dark, EBM von heute bis zurück in die dunkle Zeit der Musik.The New Wave Gothic Radio – EBM and ElectronicFaszinierende romantische Klänge – mit und ohne Geschwindigkeit. Current playlist: You're welcome; next playlist: Dark Night 3.",thos,"Indie-Rock, Gothic, Gothic Rock, Alternative, Dance & Electronic, Indie, Pop, Rock",Depeche Mode; Lene Lovich; The Cure; Wolfsheim; Hazel O'connor; Project Pitchfork; The Sisters Of Mercy; Anne Clark; Apoptygma Berzerk; Deine Lakaien,"Named selector thos and a defined Indie-Rock, Gothic, Gothic Rock, Alternative, Dance & Electronic, Indie, Pop, Rock format, but the API shows limited evidence of a distinctive Lore-level editorial structure.",https://api.laut.fm/station/dark-mythos
13,DJ 666 Geordieblackcore,dj-666-geordieblackcore,consider,68,Official Laut.fm API: south hessian black metal ritual and all dark music that fits to my sick personal taste. black metal is not for everyone \m/ from time to time there will be live shows. Current playlist: Rotation; next playlist: Rotation.,dj666geordieblackcore,schwärzestes metall und artverwandtes.,Behexen; Steingrab; Vargnatt; Kroda; Azaghal; Temple Desecration; Unaussprechlichen Kulten; Marduk; Demonomancy; Bathory,"Named selector dj666geordieblackcore and a defined schwärzestes metall und artverwandtes. format, but the API shows limited evidence of a distinctive Lore-level editorial structure.",https://api.laut.fm/station/dj666geordieblackcore
14,1001 Trumpet Song,1001-trumpet-song,consider,66,Official Laut.fm API: 1001 Trumpet Song offers a wide selection of musical pieces performed with skill and passion by trumpet virtuosos from around the world. Current playlist: Trumpet Instrumental Music; next playlist: Trumpet Instrumental Music.,Not identified,"Jazz, Smooth Jazz, Easy Listening",Rick Braun; Miles Davis; Cindy Bradley; Till Brönner; Blue Mitchell; Jim Rotondi; Per Nielsen; Chet Baker; Wallace Roney; Wynton Marsalis,No named selector; the API presents a mostly genre- or rotation-driven stream with limited evidence of human editorial depth.,https://api.laut.fm/station/1001-trumpet-song
15,Championshipvinyl,championshipvinyl,consider,64,"Official Laut.fm API: The making of a great compilation tape, like breaking up, is hard to do and takes ages longer than it might seem. You gotta kick off with a killer ...... Current playlist: Rotation; next playlist: Rotation.",Not identified,High Fidelity.,Bloc Party; Oasis; The Notwist; The Rifles; Mumford & Sons; The XX; Arctic Monkeys; Noel Gallagher's High Flying Birds; Elbow; The Naked And Famous,No named selector; the API presents a mostly genre- or rotation-driven stream with limited evidence of human editorial depth.,https://api.laut.fm/station/championshipvinyl
16,Fantasy-Radio,laut-fm-fantasyradio,consider,62,"Official Laut.fm API: Das Projektradio von OTGC, mit Hits aus Electro, Gothic, Symphonic Metal, Folk, Mittelalter, u.a. Current playlist: Drachentanz; next playlist: Spielstunde.",Lord D.,"Epic, Fantasy, Medieval, Symphonic Metal, Gothic, Folk, Mittelalter-Rock, Trance, Industrial",Celtic Music; Celtic Woman; Versengold; Two Steps From Hell; Game of Thrones; Gregorian; Xandria; Saltatio Mortis; Oonagh; Cultus Ferox,"Named selector Lord D. and a defined Epic, Fantasy, Medieval, Symphonic Metal, Gothic, Folk, Mittelalter-Rock, Trance, Industrial format, but the API shows limited evidence of a distinctive Lore-level editorial structure.",https://api.laut.fm/station/fantasyradio
17,Vinyl Xl,laut-fm-vinyl-xl,consider,60,"Official Laut.fm API: vinyl-xl - euer flashback in die 80er. mit den ganz langen rillen. extended remixes, raritäten / vinyl-xl - your flashback to the 80s. extended remixes, rarities. Current playlist: Rotation2; next playlist: Rotation3.",Der Micha,"Maxis, Maxi-Singles, Maxi Singles, 80s, 80er, Extended Versions, 12"", 12 inch,  Remixes, Synthie Pop, New Wave, Italo Disco, NDW, Disco Fox.",Pet Shop Boys; Madonna; Depeche Mode; Erasure; Fleetwood Mac; Jeanne Mas; Marc Almond; Men at Work; Patrick Swayze; The Police,"Named selector Der Micha and a defined Maxis, Maxi-Singles, Maxi Singles, 80s, 80er, Extended Versions, 12"", 12 inch,  Remixes, Synthie Pop, New Wave, Italo Disco, NDW, Disco Fox. format, but the API shows limited evidence of a distinctive Lore-level editorial structure.",https://api.laut.fm/station/vinyl-xl
18,Synthpop,laut-fm-synthpop,consider,59,Official Laut.fm API: Electronic Pop Music. Current playlist: SynthPop [01]; next playlist: Neon Waves [03].,Bones 303,SynthPop | ElectroPop | Future Pop | EBM | 80ies | Wave | Synthwave.,Depeche Mode; New Order; OMD; Tesla Boy; Empathy Test; Kraftwerk; Human League; And One; Seabound; Iris,"Named selector Bones 303 and a defined SynthPop | ElectroPop | Future Pop | EBM | 80ies | Wave | Synthwave. format, but the API shows limited evidence of a distinctive Lore-level editorial structure.",https://api.laut.fm/station/synthpop
19,Dengeqamishlo,denge-qamishlo,reject,58,"Official Laut.fm API: serbixwe bala xwe dikşîne ser huner û hunermenden kurd:Ev radyo / weşan niha li ser mobîlê jî heye                           أعزائ المستمعين.....هذاالبث  ،يهتم بالفن والفنانين الكرد،  حرة ومستقلة،نرجوا المراسلة, هذا البث متوفر الآن على الهاتف المحمول. Current playlist: Helbest; next playlist: Dengbej.",Amedekar:dengeqamishlo,,"Xero Abbas; C.Haco; Zozan; Sivan; Aynur; Mixer Dj; Sivan Perwer; Xelil Xemgin; Aram Dikran; Dj .Qamishlo, q.fm","Named selector Amedekar:dengeqamishlo and a defined genre format, but the API shows limited evidence of a distinctive Lore-level editorial structure.",https://api.laut.fm/station/dengeqamishlo
20,Blasmusikradio Mit Bernd,blasmusikradio-mit-bernd,reject,56,"Official Laut.fm API: 4 Jahre schon, erklingt hier nicht nur einfach Blasmusik, sondern per Hand und Herz ausgewählte böhmische und egerländische Melodien. Der Sender läuft rund um die Uhr. Wir wünschen allen Hörern eine gute Unterhaltung! . Current playlist: Rotation; next playlist: -Blasmusik mit Bernd .",Bernd,Blasmusik mit Herz!,"Blech & Co; Die Schwindligen 15; Winzerkapelle Beckstein ; Hergolshäuser Musikanten; Anton Gälle und seine Scherzachtaler Blasmusik; Vollblutmusikanten; Kurt Pascher und seine Original Bömerwälder Musikanten; Blaskapelle Peng; Kilian Mend und seine Marktbreiter Musikanten; Chirstoph Gleichauf und seine Blaskapelle ""Keine Stille Stunde""","Named selector Bernd and a defined Blasmusik mit Herz! format, but the API shows limited evidence of a distinctive Lore-level editorial structure.",https://api.laut.fm/station/blasmusikradio_mit_bernd
21,Jazzloft,jazzloft,reject,45,"Official Laut.fm API: Entspannende und anregende Musik abseits vom Mainstream: Jazz, Lounge, Groove, Soul und Weltmusik für relaxte Tage und anregende Nächte... Current playlist: No Words; next playlist: Jazz Lounge.",(mike@jazzloft.de),Jazz · Lounge · Groove · Klassik.,Gabin; Jazzamor; Diana Krall; Sidsel Storm; Silje Nergaard; Moca; Ketil Bjornstad; Avishai Cohen; Concha Buika; Dusko Goykovich,"Named selector (mike@jazzloft.de) and a defined Jazz · Lounge · Groove · Klassik. format, but the API shows limited evidence of a distinctive Lore-level editorial structure.",https://api.laut.fm/station/jazzloft
22,Synthesizergreatest,laut-fm-synthesizer-greatest,reject,35,"Official Laut.fm API: SG Radio - simply good music. We play the classics from the 70s, 80s and 90s as well as recent and contemporary tracks! . Current playlist: Glam Rock & Hair Metal ; next playlist: SG Radio's Favourites (Power Rotation II).",SG Radio,"Adult Contemporary, Easy Listening, Adult Oriented Rock, Electronic, Dance.",Andrew Hines; Saga; Jean Michel Jarre; Jean-Michel Jarre / arr. Ed Starink; Ed Starink; Queen; The Four Tops; Tina Turner; Falco; Mike Oldfield,"Named selector SG Radio and a defined Adult Contemporary, Easy Listening, Adult Oriented Rock, Electronic, Dance. format, but the API shows limited evidence of a distinctive Lore-level editorial structure.",https://api.laut.fm/station/synthesizergreatest
23,Dark Sound United,laut-fm-dark-sound-united,reject,30,"Official Laut.fm API: Hier wird alles gespielt was das Gothic, Industrial, New Wave, EBM und Metall Herz höher schlagen lässt ... Current playlist: Rotation; next playlist: Rotation.",Auto DJ,Dark Music.,Combichrist; Black Sabbath; Grendel; Depeche Mode; Ministry; VNV Nation; Joachim Witt; The Sisters Of Mercy; Feindflug; Gary Numan,"Named selector Auto DJ and a defined Dark Music. format, but the API shows limited evidence of a distinctive Lore-level editorial structure.",https://api.laut.fm/station/dark-sound-united
24,Wavebreaker,wavebreaker,reject,20,Official Laut.fm API: No station description Current playlist: Mix 3; next playlist: Wavebreaker 4.,mindphaser,"Indie , Dark Wave , Post-Punk , Alternative , Minimal & Dark Electronic , 80ies.",Click Click; Soft Cell; Lycia; Ultravox; Klinik; The Jesus And Mary Chain; Diary Of Dreams; IAMX; Iron Curtain; The Raveonettes,"Named selector mindphaser and a defined Indie , Dark Wave , Post-Punk , Alternative , Minimal & Dark Electronic , 80ies. format, but the API shows limited evidence of a distinctive Lore-level editorial structure.",https://api.laut.fm/station/wavebreaker
25,Chillout-Radio,laut-fm-chillout-radio,reject,5,Official Laut.fm API: Laut/FM bietet feinsten Electronic Chilout und Relaxing Music vom Feinsten an 24 Std Nonstop. Viel Spass beim Hören wünscht DJ Waveshape. Current playlist: Relax Chillout; next playlist: Relax Chillout.,DJ Waveshape,,F.D. Project; Johan Tronestam; Oliver Scheffner; F.D.Project; Dream Quest; Peter Mergener; ToXyGeNeDK; Dreamstate Logic; Robert Kalyos; DTime,User instruction requires hiding any station with “chillout” in its name; API confirms 24/7 electronic chillout/relaxing music.,https://api.laut.fm/station/chilloutradio
