name,slug,reason,source,automation,observed_spins,observed_artists,last_alive,homepage_url
RadiOzora Trance,radiozora-trance,duplicate_of_stronger_entry,radio_browser,unknown,141,5,2026-09-05,https://radiozora.fm/
Folk Alley Irish Music,folk-alley-irish-music,duplicate_of_stronger_entry,radio_browser,unknown,323,17,2026-09-10,https://folkalley.com/stream/irish-stream/
EPIC CLASSICAL - Classical Chillout,epic-classical-classical-chillout,utility_or_non_radio_audio,radio_browser,unknown,0,0,2026-09-09,https://epic-classical.com/
EPIC CLASSICAL - Classical Lounge,epic-classical-classical-lounge,utility_or_non_radio_audio,radio_browser,unknown,0,0,2026-09-16,https://epic-classical.com/
EPIC CLASSICAL - Classical Love Music,epic-classical-classical-love-music,utility_or_non_radio_audio,radio_browser,unknown,0,0,2026-09-15,https://epic-classical.com/
EPIC CLASSICAL - Classical Meditation,epic-classical-classical-meditation,utility_or_non_radio_audio,radio_browser,unknown,0,0,2026-09-05,https://epic-classical.com/
EPIC CLASSICAL - Classical Pan Flute,epic-classical-classical-pan-flute,utility_or_non_radio_audio,radio_browser,unknown,0,0,2026-09-05,https://epic-classical.com/
EPIC CLASSICAL - Classical Relax,epic-classical-classical-relax,utility_or_non_radio_audio,radio_browser,unknown,0,0,2026-09-16,https://epic-classical.com/
EPIC CLASSICAL - Classical Sunrise,epic-classical-classical-sunrise,utility_or_non_radio_audio,radio_browser,unknown,0,0,2026-09-11,https://epic-classical.com/
EPIC CLASSICAL - Classical Violin,epic-classical-classical-violin,utility_or_non_radio_audio,radio_browser,unknown,0,0,2026-09-10,https://epic-classical.com/
MyNoise Drone Zone,mynoise-drone-zone,utility_or_non_radio_audio,radio_browser,unknown,0,0,2026-09-11,https://mynoise.net/
MyNoise Ocean Waves,mynoise-ocean-waves,utility_or_non_radio_audio,radio_browser,unknown,0,0,2026-09-10,https://mynoise.net/
MyNoise Pure Nature,mynoise-pure-nature,utility_or_non_radio_audio,radio_browser,unknown,0,0,2026-09-15,https://mynoise.net/
MyNoise Rainy Day,mynoise-rainy-day,utility_or_non_radio_audio,radio_browser,unknown,0,0,2026-09-10,https://mynoise.net/
MyNoise Siren Songs,mynoise-siren-songs,utility_or_non_radio_audio,radio_browser,unknown,0,0,2026-09-16,https://mynoise.net/
MyNoise Zen Garden,mynoise-zen-garden,utility_or_non_radio_audio,radio_browser,unknown,0,0,2026-09-11,https://mynoise.net/
ambient.fm,ambient-fm,utility_or_non_radio_audio,radio_browser,unknown,0,0,2026-09-05,https://ambient.fm/
Traxx FM - Ambient,traxx-fm-ambient,utility_or_non_radio_audio,radio_browser,unknown,77,31,2026-09-11,http://www.traxx.fm/
Melodies Web Radio,melodies-web-radio,utility_or_non_radio_audio,radio_browser,unknown,882,1,2026-09-16,https://melodieswebradio.wixsite.com/
Ambient Modern,ambient-modern,utility_or_non_radio_audio,radio_browser,unknown,2334,215,2026-08-11,https://ambientmodern.com/
SomaFM SF 10-33 (128k MP3),somafm-sf-10-33-128k-mp3,utility_or_non_radio_audio,radio_browser,unknown,2923,627,2026-09-16,https://somafm.com/sf1033/
AmbientRadio (MRG.fm),ambientradio-mrg-fm,utility_or_non_radio_audio,radio_browser,unknown,3144,364,2026-09-16,https://www.mrg.fm/
Positively Meditation -om,positively-meditation-om,utility_or_non_radio_audio,radio_browser,unknown,4931,53,2026-09-11,https://play.you.radio/station/1121
Positively Relaxing Workout -om,positively-relaxing-workout-om,utility_or_non_radio_audio,radio_browser,unknown,6267,1,2026-09-14,https://play.you.radio/station/1142
Positively Rejuvenate 528 Hz -om,positively-rejuvenate-528-hz-om,utility_or_non_radio_audio,radio_browser,unknown,7226,7,2026-09-15,https://play.you.radio/station/2002
MyNoise Space Odyssey,mynoise-space-odyssey,utility_or_non_radio_audio,radio_browser,unknown,7344,1,2026-09-11,https://mynoise.net/
RADIO DIMENSIONE RELAX,radio-dimensione-relax,utility_or_non_radio_audio,radio_browser,unknown,9902,165,2026-09-16,https://rdastation.it/
Candelight,candelight,utility_or_non_radio_audio,radio_browser,mixed,10498,646,2026-09-10,http://www.candlelight.nl/
Positively Uplifting 417Hz -om,positively-uplifting-417hz-om,utility_or_non_radio_audio,radio_browser,unknown,11011,2,2026-09-16,https://play.you.radio/station/1183
Virgin Radio Rockstar: Pink Floyd,virgin-radio-rockstar-pink-floyd,promotional_or_brand_channel,radio_browser,unknown,1,1,2026-09-10,https://www.virginradio.it/sezioni/1926/music-star-roger-waters-pink-floyd
Big R Radio - The Wave,big-r-radio-the-wave,promotional_or_brand_channel,radio_browser,unknown,10754,265,2026-09-03,http://www.bigrradio.com/
1001 TRUMPET SONG,1001-trumpet-song,redundant_network_channel,radio_browser,unknown,0,0,2026-08-11,https://laut.fm/1001-trumpet-song
Alternativeworld,alternativeworld,redundant_network_channel,radio_browser,unknown,0,0,2026-09-16,https://laut.fm/alternativeworld
Blasmusikradio mit Bernd,blasmusikradio-mit-bernd,redundant_network_channel,radio_browser,unknown,0,0,2026-09-11,https://laut.fm/blasmusikradio_mit_bernd
Darksynth Radio,darksynth-radio,redundant_network_channel,radio_browser,unknown,0,0,2026-09-10,https://laut.fm/darksynthradio
Elektronisch Querbeat,elektronisch-querbeat,redundant_network_channel,radio_browser,unknown,0,0,2026-09-10,http://laut.fm/elektronisch_querbeat
Laut.FM Chillout-Radio,laut-fm-chillout-radio,redundant_network_channel,radio_browser,unknown,0,0,2026-09-10,https://laut.fm/chilloutradio
Laut.FM SynthPop,laut-fm-synthpop,redundant_network_channel,radio_browser,unknown,0,0,2026-08-11,http://laut.fm/synthpop
Laut.FM Vinyl-XL,laut-fm-vinyl-xl,redundant_network_channel,radio_browser,unknown,0,0,2026-09-16,http://laut.fm/vinyl-xl
Radio Rabenwind,radio-rabenwind,redundant_network_channel,radio_browser,unknown,0,0,2026-09-10,https://laut.fm/rabenwind
Wavebreaker,wavebreaker,redundant_network_channel,radio_browser,unknown,0,0,2026-09-11,https://laut.fm/wavebreaker
laut.fm - Dark Sound United,laut-fm-dark-sound-united,redundant_network_channel,radio_browser,unknown,0,0,2026-09-11,https://laut.fm/dark-sound-united
laut.fm - Shamanic Tunes,laut-fm-shamanic-tunes,redundant_network_channel,radio_browser,unknown,0,0,2026-09-10,https://laut.fm/shamanic_tunes
laut.fm Dark-Mythos,laut-fm-dark-mythos,redundant_network_channel,radio_browser,unknown,0,0,2026-09-10,http://laut.fm/dark-mythos
laut.fm Fantasyradio,laut-fm-fantasyradio,redundant_network_channel,radio_browser,unknown,0,0,2026-09-11,http://laut.fm/fantasyradio
laut.fm Kakerlakenradio,laut-fm-kakerlakenradio,redundant_network_channel,radio_browser,unknown,0,0,2026-09-11,http://laut.fm/kakerlakenradio
laut.fm Schwarze Szene,laut-fm-schwarze-szene,redundant_network_channel,radio_browser,unknown,0,0,2026-09-10,http://laut.fm/schwarzeszene
laut.fm Sound,laut-fm-sound,redundant_network_channel,radio_browser,unknown,0,0,2026-09-16,http://laut.fm/sound
Radio Caprice - Folk Death Metal,radio-caprice-folk-death-metal,redundant_network_channel,radio_browser,unknown,348,72,2026-09-16,http://radcap.ru/folkdeathmetal.html
Radio Caprice: Ambient,radio-caprice-ambient,redundant_network_channel,radio_browser,unknown,1358,318,2026-09-16,http://radcap.ru/ambient.html
Radio Caprice - Russian Folk Rock,radio-caprice-russian-folk-rock,redundant_network_channel,radio_browser,unknown,1730,37,2026-09-16,http://radcap.ru/folkrockru.html
Radio Caprice - Folk Metal,radio-caprice-folk-metal,redundant_network_channel,radio_browser,unknown,1868,243,2026-09-10,http://radcap.ru/
DJ 666 Geordieblackcore,dj-666-geordieblackcore,redundant_network_channel,radio_browser,unknown,1954,395,2026-09-16,https://laut.fm/dj666geordieblackcore
Radio Caprice - Bulgarian Pop-Folk/Ethnopop/Chalga,radio-caprice-bulgarian-pop-folk-ethnopop-chalga,redundant_network_channel,radio_browser,unknown,2012,61,2026-09-16,http://radcap.ru/chalga.html
Radio Caprice - Progressive Folk,radio-caprice-progressive-folk,redundant_network_channel,radio_browser,unknown,2030,367,2026-09-13,http://radcap.ru/progfolk.html
Radio Caprice - Psychedelic Folk,radio-caprice-psychedelic-folk,redundant_network_channel,radio_browser,unknown,2148,325,2026-09-09,http://radcap.ru/psychfolk.html
Radio Caprice - Celtic,radio-caprice-celtic,redundant_network_channel,radio_browser,unknown,2183,315,2026-09-16,http://radcap.ru/
Radio Caprice - Indian Spiritual Music,radio-caprice-indian-spiritual-music,redundant_network_channel,radio_browser,unknown,4893,138,2026-09-14,http://www.radcap.ru/mantras.html
Laut.FM Shoegaze,laut-fm-shoegaze,redundant_network_channel,radio_browser,unknown,5801,215,2026-08-11,https://laut.fm/shoegaze
Denge Qamishlo,denge-qamishlo,redundant_network_channel,radio_browser,unknown,6078,12,2026-09-11,https://laut.fm/dengeqamishlo
Radio Caprice - Post-rock,radio-caprice-post-rock,redundant_network_channel,radio_browser,unknown,6746,728,2026-09-11,http://radcap.ru/postrock.html
Championshipvinyl,championshipvinyl,redundant_network_channel,radio_browser,unknown,10654,137,2026-09-03,https://laut.fm/championshipvinyl
Laut.FM Synthesizer Greatest,laut-fm-synthesizer-greatest,redundant_network_channel,radio_browser,unknown,11138,605,2026-09-03,http://www.laut.fm/synthesizergreatest
80er-Revival,80er-revival,unproven_and_stale_import,radio_browser,unknown,0,0,2026-08-11,https://www.80er-revival.de/
EPIC CLASSICAL - Classical Piano,epic-classical-classical-piano,unproven_and_stale_import,radio_browser,unknown,0,0,2026-08-11,https://epic-classical.com/
Euro Smooth Jazz,euro-smooth-jazz,unproven_and_stale_import,radio_browser,unknown,0,0,2026-08-11,http://eurosmoothjazz.com/
__LOUNGE__ by rautemusik (rm.fm),lounge-by-rautemusik-rm-fm,unproven_and_stale_import,radio_browser,unknown,0,0,2026-08-11,https://www.rm.fm/lounge
__SALSA__ by rautemusik (rm.fm),salsa-by-rautemusik-rm-fm,unproven_and_stale_import,radio_browser,unknown,0,0,2026-08-11,https://www.rm.fm/salsa
Ultra Pernik,ultra-pernik,unproven_import_without_homepage,radio_browser,unknown,0,0,2026-09-10,
#joint radio Beat Trance,joint-radio-beat-trance,unproven_generic_import,radio_browser,unknown,0,0,2026-09-05,https://www.jointil.com/
* TOP 100 CLUB CHARTS * | DJ TOP 100 | UP-TO-DATE | DJ CHARTS - CLUBBING HITS - - DEEP HOUSE - LOUNGE -  DANCE - TECHNO - RAVE - EDM - HOUSE - TECHHOUSE - REMIX - TRANCE - HARDSTYLE - MINIMAL - IBIZA - CHILLOUT - LOUNGE - URBAN - HIP HOP - RNB - SUMMER IBIZA HOUSE - HARDSTYLE & HARDCORE - REMIX & MIXTAPE | FESTIVAL RADIO,top-100-club-charts-dj-top-100-up-to-date-dj-charts-clubbing-hits-deep-house-lounge-dance-techno-rave-edm-house-techhous,unproven_generic_import,radio_browser,unknown,0,0,2026-09-09,https://rm.fm/breakz/team
0nlineradio AMERICAN CHRISTMAS,0nlineradio-american-christmas,unproven_generic_import,radio_browser,unknown,0,0,2026-09-12,https://0nlineradio.com/
1000 Melodien,1000-melodien,unproven_generic_import,radio_browser,unknown,0,0,2026-09-10,http://1000melodien.de/
12XU,12xu,unproven_generic_import,radio_browser,unknown,0,0,2026-09-16,http://onetwoxu.de/
1LIVE Fiehe,1live-fiehe,unproven_generic_import,radio_browser,mixed,0,0,2026-09-16,https://www1.wdr.de/radio/1live/on-air/sendungen/1live-fiehe/index.html
87.6 Studio 1,87-6-studio-1,unproven_generic_import,radio_browser,unknown,0,0,2026-09-16,https://www.facebook.com/pages/category/Radio-Station/Studio-1-876-301851549917710/
Amore 87.5,amore-87-5,unproven_generic_import,radio_browser,unknown,0,0,2026-09-10,http://www.radioamore.gr/
BR Heimat,br-heimat,unproven_generic_import,radio_browser,unknown,0,0,2026-09-11,https://www.br.de/radio/br-heimat/index.html
CIA Radio,cia-radio,unproven_generic_import,radio_browser,unknown,0,0,2026-09-11,https://www.cia-radio.de/
DARK ZERO RADIO,dark-zero-radio,unproven_generic_import,radio_browser,unknown,0,0,2026-09-11,https://dark-zero-radio.com/
Deluxe Radio Bulgaria | HQ,deluxe-radio-bulgaria-hq,unproven_generic_import,radio_browser,mixed,0,0,2026-09-10,https://radiomaxxfm.com/
Dreampop Radio,dreampop-radio,unproven_generic_import,radio_browser,unknown,0,0,2026-09-11,http://onlineradiobox.com/de/dreampop/
EPIC CLASSICAL - Classical Guitar,epic-classical-classical-guitar,unproven_generic_import,radio_browser,unknown,0,0,2026-09-16,https://epic-classical.com/
EarGlow Radio,earglow-radio,unproven_generic_import,radio_browser,unknown,0,0,2026-09-14,https://earglowradio.com/
ElectroZombies,electrozombies,unproven_generic_import,radio_browser,unknown,0,0,2026-09-16,https://electrozombies.com/
"Exa FM Veracruz - 93.3 FM - XHPS-FM - MVS Radio - Veracruz, VE",exa-fm-veracruz-93-3-fm-xhps-fm-mvs-radio-veracruz-ve,unproven_generic_import,radio_browser,unknown,0,0,2026-09-16,https://www.exafm.com/veracruz/
Express FM,express-fm,unproven_generic_import,radio_browser,unknown,0,0,2026-09-16,https://www.expresfm.cz/
Flatlines Radio,flatlines-radio,unproven_generic_import,radio_browser,unknown,0,0,2026-09-16,https://www.flatlinesradio.de/
Focus 88.8,focus-88-8,unproven_generic_import,radio_browser,unknown,0,0,2026-09-10,https://www.facebook.com/888focus/
Hawaiian Rainbow,hawaiian-rainbow,unproven_generic_import,radio_browser,unknown,0,0,2026-09-11,https://www.hawaiianrainbow.com/
HighFi Dream,highfi-dream,unproven_generic_import,radio_browser,unknown,0,0,2026-09-16,https://highfidream.com/
Krautrock-World,krautrock-world,unproven_generic_import,radio_browser,unknown,0,0,2026-09-16,http://www.krautrock-world.com/index.php
"La Inolvidable (Perote) - 101.1 FM - XHPER-FM - RRADIOTL, A.C. - Perote, VE",la-inolvidable-perote-101-1-fm-xhper-fm-rradiotl-a-c-perote-ve,unproven_generic_import,radio_browser,unknown,0,0,2026-09-16,https://www.lainolvidabledeperote.com/
Lounge Radio Ibiza,lounge-radio-ibiza,unproven_generic_import,radio_browser,unknown,0,0,2026-09-13,https://lounge-radio-ibiza.com/
MDR Sputnik Insomnia,mdr-sputnik-insomnia,unproven_generic_import,radio_browser,unknown,0,0,2026-09-16,http://sputnik.de/sendungen/musikspecials/sputnik-insomnia--100.html
Mellow Bangla,mellow-bangla,unproven_generic_import,radio_browser,unknown,0,0,2026-09-10,https://www.mellowbangla.com/
Memory Lane | NTS,memory-lane-nts,unproven_generic_import,radio_browser,unknown,0,0,2026-09-10,https://www.nts.live/infinite-mixtapes/memory-lane
Monacensis,monacensis,unproven_generic_import,radio_browser,unknown,0,0,2026-09-11,http://www.radio-monacensis.de/
"Mundo (Cuernavaca) - 96.5 FM - XHJMG-FM - Grupo Mundo Comunicaciones - Cuernavaca, MO",mundo-cuernavaca-96-5-fm-xhjmg-fm-grupo-mundo-comunicaciones-cuernavaca-mo,unproven_generic_import,radio_browser,unknown,0,0,2026-09-16,http://www.mundo965.fm/
Mystery Train Radio,mystery-train-radio,unproven_generic_import,radio_browser,unknown,0,0,2026-09-16,https://www.mysterytrainradio.com/
N05 NATURE EN,n05-nature-en,unproven_generic_import,radio_browser,unknown,0,0,2026-09-11,http://www.liveradio.ie/stations/the-river-of-calm-music-to-soothe-your-soul
Outpost Radio - The Acoustic Outpost (VIP),outpost-radio-the-acoustic-outpost-vip,unproven_generic_import,radio_browser,unknown,0,0,2026-09-11,http://outpostradio.com/
Pink Radio,pink-radio,unproven_generic_import,radio_browser,unknown,0,0,2026-09-10,http://www.pinkradio.rs/
Radio As,radio-as,unproven_generic_import,radio_browser,unknown,0,0,2026-09-10,http://www.rtvas.rs/
Radio BN,radio-bn,unproven_generic_import,radio_browser,unknown,0,0,2026-09-11,http://www.rtvbn.com/
Radio Claudia,radio-claudia,unproven_generic_import,radio_browser,unknown,0,0,2026-09-03,https://www.facebook.com/www.ClaudiaFm.ml/
Radio Contigo,radio-contigo,unproven_generic_import,radio_browser,unknown,0,0,2026-09-10,http://www.radiocontigo.cl/
Radio DAŠ,radio-da,unproven_generic_import,radio_browser,mixed,0,0,2026-09-10,http://www.radiodas.net/
Radio Energy Cugir,radio-energy-cugir,unproven_generic_import,radio_browser,unknown,0,0,2026-09-14,https://radioenergycugir.ro/
Radio Gigante Bolivia,radio-gigante-bolivia,unproven_generic_import,radio_browser,unknown,0,0,2026-09-16,https://radiogigantebolivia.com.bo/
Radio JIH Cimbalka,radio-jih-cimbalka,unproven_generic_import,radio_browser,unknown,0,0,2026-09-10,https://naladit.radiocimbalka.cz/
Radio La Mega,radio-la-mega,unproven_generic_import,radio_browser,unknown,0,0,2026-09-11,https://audioplayer.pe/lamega
Radio Québec International  -- RQI1: Yesterday and Today,radio-qu-bec-international-rqi1-yesterday-and-today,unproven_generic_import,radio_browser,unknown,0,0,2026-09-10,http://radioquebecinternational.com/
Radio Ritmo 97.3 FM,radio-ritmo-97-3-fm,unproven_generic_import,radio_browser,unknown,0,0,2026-09-11,https://radioritmobolivia.com/
Radio Romania International,radio-romania-international,unproven_generic_import,radio_browser,mixed,0,0,2026-09-14,http://www.rri.ro/
Radio Zica,radio-zica,unproven_generic_import,radio_browser,unknown,0,0,2026-09-10,http://radiozica.eu/
Radio Zodiac Ireland,radio-zodiac-ireland,unproven_generic_import,radio_browser,unknown,0,0,2026-09-10,http://www.radiozodiac.com/
Radio stubica,radio-stubica,unproven_generic_import,radio_browser,unknown,0,0,2026-09-13,https://radio-stubica.hr/
Rusyn FM,rusyn-fm,unproven_generic_import,radio_browser,unknown,0,0,2026-09-10,https://www.rusyn.fm/play/
RusynFM,rusynfm,unproven_generic_import,radio_browser,unknown,0,0,2026-09-16,http://www.rusyn.fm/
Rádio Samson,r-dio-samson,unproven_generic_import,radio_browser,unknown,0,0,2026-09-10,http://www.radiosamson.cz/content/text/cz/
SLOWLY RADIO,slowly-radio,unproven_generic_import,radio_browser,unknown,0,0,2026-09-10,https://slowlyradio.com/
Skylos 69,skylos-69,unproven_generic_import,radio_browser,unknown,0,0,2026-09-10,https://skylos69.blogspot.com/
Slow Focus | NTS,slow-focus-nts,unproven_generic_import,radio_browser,unknown,0,0,2026-09-11,https://www.nts.live/infinite-mixtapes/slow-focus
"Star Radio (MK Narodna) Skopje, Macedonia",star-radio-mk-narodna-skopje-macedonia,unproven_generic_import,radio_browser,unknown,0,0,2026-09-11,https://radiostar.pro/radiochannel/mk-narodna/
"Star Radio (Urban Folk) Skopje, Macedonia",star-radio-urban-folk-skopje-macedonia,unproven_generic_import,radio_browser,unknown,0,0,2026-09-16,https://radiostar.pro/radiochannel/urban-folk/
Technolovers - TECHNO,technolovers-techno,unproven_generic_import,radio_browser,unknown,0,0,2026-09-05,https://technolovers.fm/
Teenage Kicks Radio,teenage-kicks-radio,unproven_generic_import,radio_browser,unknown,0,0,2026-09-10,https://teenagekicksradio.blogspot.com/
Total instrumental,total-instrumental,unproven_generic_import,radio_browser,unknown,0,0,2026-09-10,http://www.radio-total-instrumental.de/
Ultra Dark Radio,ultra-dark-radio,unproven_generic_import,radio_browser,unknown,0,0,2026-09-10,http://www.ultradarkradio.com/
Velkaton,velkaton,unproven_generic_import,radio_browser,unknown,0,0,2026-09-10,http://www.velkaton.ba/
WDR 5,wdr-5,unproven_generic_import,radio_browser,mixed,0,0,2026-09-11,https://www1.wdr.de/radio/wdr5/index.html
__COUNTRYHITS.FM__ by rautemusik (rm.fm),countryhits-fm-by-rautemusik-rm-fm,unproven_generic_import,radio_browser,unknown,0,0,2026-09-10,https://countryhits.fm/
celtic-rock.de,celtic-rock-de,unproven_generic_import,radio_browser,unknown,0,0,2026-09-14,https://celtic-rock.de/
volXmusik.de,volxmusik-de,unproven_generic_import,radio_browser,unknown,0,0,2026-09-11,http://volxmusik.de/Volksmusik-Webradio.html
Ελασσόνα 88.4,88-4,unproven_generic_import,radio_browser,unknown,0,0,2026-09-10,https://www.facebook.com/elassona884/
Ζημιά 93.9,93-9,unproven_generic_import,radio_browser,unknown,0,0,2026-09-16,https://zimia939.gr/
Λαϊκός 100.6,100-6,unproven_generic_import,radio_browser,unknown,0,0,2026-09-11,https://www.laikosradio.gr/
Χρώμα 102.1,102-1,unproven_generic_import,radio_browser,unknown,0,0,2026-09-16,https://xromafm.gr/

