rank,station,slug,country,organization,homepage,scrape_score,scraped_evidence,scraped_tags,scraped_blurb
1,Radio Caprice - Avant-Garde Jazz / Free Improvisation [2],radio-caprice-avant-garde-jazz-free-improvisation-2,The Russian Federation,,http://radcap.ru/avantgardejazz.html,24.55,avant-garde (name); free improvisation (name); free improv (name); free jazz (tag),"[""avant-garde"", ""avant-garde jazz"", ""free jazz"", ""improvisation"", ""radcap""]","Радиоканал RADCAP (RADio CAPrice) - AVANT-GARDE JAZZ - стабильный эфир, хороший звук, качественный контент."
2,Path through the Forest,path-through-the-forest,Germany,,http://laut.fm/path_through_the_forest,22.75,avant-garde (tag); experimental (tag); noise (tag); industrial (tag); psychedelic (tag); psych (tag),"[""alternative"", ""avant-garde"", ""experimental"", ""indie"", ""industrial"", ""noise"", ""psychedelic"", ""punk"", ""rock"", ""stoner""]",
3,Experimentalgems,experimentalgems,Germany,,https://laut.fm/experimentalgems,18.92,experimental (name); avantgarde (tag); drone (tag); ambient (tag),"[""ambient"", ""avantgarde"", ""drone"", ""electronic"", ""experimental"", ""jazz""]",
4,AmbientRadio (MRG.fm),ambientradio-mrg-fm,The United States Of America,,https://www.mrg.fm/,17.25,experimental (tag); drone (tag); dark ambient (tag); ambient (name),"[""ambient"", ""ambient and relaxation music"", ""ambiental"", ""dark ambient"", ""deep ambient"", ""downtempo"", ""drone"", ""electronica"", ""experimental"", ""meditation"", ""new age"", ""relaxation music""]",16 Free Radio Stations - MRG.fm
5,Concertzender X-Rated,concertzender-x-rated,The Netherlands,,https://www.concertzender.nl/programma_genre/crosslinks/,16.35,avant-garde (tag); experimental (tag); industrial (tag); ambient (tag),"[""ambient"", ""avant-garde"", ""electronics"", ""experimental"", ""industrial""]",De Concertzender is er voor muziekliefhebbers die het avontuur niet schuwen. Onder het motto
6,DJ 666 Geordieblackcore,dj-666-geordieblackcore,,,https://laut.fm/dj666geordieblackcore,15.45,grindcore (tag); black metal (tag); death metal (tag); metal (tag),"[""black metal"", ""crust"", ""death metal"", ""folk"", ""folk metal"", ""gore metal"", ""grindcore"", ""pagan black metal"", ""punk"", ""thrash metal""]",
7,NEOFOLK,neofolk,Germany,,https://flatlinesradio.de/,14.55,experimental (tag); post-rock (tag); industrial (tag); ambient (tag),"[""ambient"", ""darkfolk"", ""experimental"", ""folk"", ""industrial"", ""martial industrial"", ""mittelalter"", ""neofolk"", ""pagan"", ""post-punk"", ""post-rock""]",
8,Experimental/Avant-garde music - Radio Caprice,experimental-avant-garde-music-radio-caprice,,,http://radcap.ru/playback-history/4/experimental-ph.php,13.38,avant-garde (name); experimental (name),"[""avant-garde"", ""experimental""]",
9,Fluid Radio,fluid-radio,,,http://www.fluid-radio.co.uk/,13.35,experimental (tag); abstract (tag); modern classical (tag); ambient (tag),"[""abstract"", ""acoustic"", ""ambient"", ""experimental"", ""instrumental"", ""modern classical""]",Fluid Radio - Experimental Frequencies
10,Elektronisch Querbeat,elektronisch-querbeat,Germany,,http://laut.fm/elektronisch_querbeat,13.15,idm (tag); glitch (tag); abstract (tag); ambient (tag),"[""abstract"", ""ambient"", ""broken beat"", ""dubstep"", ""glitch"", ""idm""]",
11,6forty Radio,6forty-radio,The United States Of America,,http://www.6fortyradio.com/,12.55,post-metal (tag); post-rock (tag); modern classical (tag); metal (tag),"[""deep indie"", ""modern classical"", ""post-metal"", ""post-rock"", ""shoegaze""]",
12,RADCAP: INDUSTRIAL / DARK / RITUAL AMBIENT,radcap-industrial-dark-ritual-ambient,The Russian Federation,,http://radcap.ru/darkambient.html,12.32,industrial (name); dark ambient (tag); ambient (name),"[""ambient"", ""dark ambient"", ""industrial"", ""ritual""]","Радиоканал RADCAP (RADio CAPrice) - INDUSTRIAL / DARK / RITUAL AMBIENT - стабильный эфир, хороший звук, качественный контент."
13,Systrum Sistum - SSR1,systrum-sistum-ssr1,Australia,,https://www.systrum.net/,11.8,experimental (tag); drone (tag); ambient (tag),"[""ambient"", ""drone"", ""electronica"", ""experimental""]",Ambient Radio | Radio Electronica
14,Cashmere Radio,cashmere-radio,DE,Cashmere Radio e.V.,https://cashmereradio.com/,11.42,avant-garde (tag); experimental (tag); underground (blurb),"[""avant-garde"", ""berlin"", ""community"", ""community radio"", ""experimental"", ""non-commercial"", ""non-profit"", ""specialist""]","Cashmere Radio is a community experimental radio station based in Lichtenberg, Berlin - broadcasting underground music, talk shows and live performative arts."
15,RADCAP: ATMOSPHERIC / AMBIENT BLACK METAL,radcap-atmospheric-ambient-black-metal,The Russian Federation,,http://radcap.ru/aabmds.html,11.23,black metal (name); ambient (name); metal (name),"[""ambient"", ""ambient black metal"", ""atmospheric ambient black metal"", ""atmospheric black metal"", ""black metal"", ""metal"", ""radio caprice""]","Радиоканал RADCAP (RADio CAPrice) - ATMOSPHERIC / AMBIENT BLACK METAL - стабильный эфир, хороший звук, качественный контент."
16,laut.fm - Shamanic Tunes,laut-fm-shamanic-tunes,,,https://laut.fm/shamanic_tunes,11.05,doom metal (tag); psychedelic (tag); psych (tag); metal (tag),"[""alternative"", ""chillout"", ""doom metal"", ""groove"", ""hard rock"", ""psychedelic"", ""rock"", ""stoner rock"", ""trip-hop""]",
17,NEU RADIO,neu-radio,Italy,,https://www.neuradio.it/,10.8,experimental (tag); post-rock (tag); ambient (tag),"[""afrobeats"", ""alternative"", ""ambient"", ""arts"", ""beats"", ""black"", ""breakbeat"", ""cinema"", ""culture"", ""dub"", ""electronic"", ""electropop"", ""experimental"", ""funk"", ""house"", ""indie pop"", ""indie rock"", ""jazz"", ""local news"", ""minimal"", ""minimal wave"", ""music"", ""new wave"", ""news"", ""nu-jazz"", ""post-punk"", ""post-rock"", ""reggae"", ""soul"", ""synth"", ""synthwave"", ""world"", ""worldbeat""]","Neu Radio è la nuova web radio, un collettivo, un aggregatore culturale. In streaming 24/7 da Bologna verso il mondo."
18,SomaFM n5MD (128k AAC),somafm-n5md-128k-aac,The United States Of America,,https://somafm.com/n5md/,10.8,experimental (tag); post-rock (tag); ambient (tag),"[""ambient"", ""experimental"", ""experimental electronic music"", ""modern composition"", ""post-rock""]","Emotional Experiments in Music: Ambient, modern composition, post-rock, & experimental electronic music"
19,laut.fm - Dark Sound United,laut-fm-dark-sound-united,,,https://laut.fm/dark-sound-united,9.8,black metal (tag); industrial (tag); metal (tag),"[""black metal"", ""electropop"", ""gothic"", ""gothic rock"", ""heavy metal"", ""industrial"", ""new wave"", ""synthpop""]",
20,SomaFM — CliqHop IDM,somafm-cliqhop,US,SomaFM,https://somafm.com/cliqhop/,9.78,idm (name); experimental (tag),"[""experimental"", ""idm"", ""specialist""]",Blips
21,Anon.FM,anon-fm,The Russian Federation,,https://anon.radio.fm/,9.7,experimental (tag); psychedelic (tag); psych (tag),"[""anime"", ""dnb"", ""downtempo"", ""experimental"", ""jazz"", ""psychedelic"", ""rock"", ""trance""]","Радио Анонимус - некоммерческий проект радиостанции, созданный в 2009 году, где каждый может показать себя и свои таланты. У тебя хороший голос? Ты умеешь петь? Разбираешься в музыке и в курсе современных музыкальных тенденций? Может быть ты можешь часами говорить о вышивании кре"
22,Resonance Extra,resonance-extra,The United Kingdom Of Great Britain And Northern Ireland,,https://extra.resonance.fm/,9.25,experimental (tag); sound art (tag),"[""experimental"", ""global"", ""sound art""]","Resonance Extra is a 24/7 digital broadcasting platform dedicated to global music, sound art and radio art based at Resonance, London"
23,bauhaus.fm,bauhaus-fm,Germany,,https://www.uni-weimar.de/projekte/bauhaus-fm,9.25,experimental (tag); sound art (tag),"[""bauhaus"", ""experimental"", ""slow radio"", ""sound art""]",bauhaus.fm – Das experimentelle Radio an der Bauhaus-Universität Weimar | UKW 106.6 MHz
24,RADCAP: DRONE AMBIENT,radcap-drone-ambient,The Russian Federation,,http://radcap.ru/droneambient.html,8.92,drone (name); ambient (name),"[""ambient"", ""drone"", ""drone ambient""]","Радиоканал RADCAP (RADio CAPrice) - DRONE AMBIENT - стабильный эфир, хороший звук, качественный контент."
25,The Tube | NTS,the-tube-nts,The United Kingdom Of Great Britain And Northern Ireland,,https://www.nts.live/infinite-mixtapes/the-tube,8.75,avant-garde (tag); industrial (tag),"[""avant-garde"", ""industrial"", ""minimal wave"", ""post-punk""]","Oddball post-punk, industrial provocation, and minimal wave."
26,EBM,ebm,Germany,,https://flatlinesradio.de/,8.25,experimental (tag); industrial (tag),"[""dark wave"", ""ebm"", ""electronic"", ""electronica"", ""experimental"", ""industrial"", ""martial industrial"", ""new wave""]",
27,12XU,12xu,Germany,,http://onetwoxu.de/,7.75,noise rock (tag); noise (tag),"[""garage punk"", ""indie rock"", ""noise"", ""noise rock"", ""post-punk"", ""punk""]",12XU | Verspannungsmusik!
28,Radio Caprice - Folk Death Metal,radio-caprice-folk-death-metal,The Russian Federation,,http://radcap.ru/folkdeathmetal.html,7.43,death metal (name); metal (name),"[""death metal"", ""folk"", ""folk metal"", ""radcap"", ""radio caprice"", ""radio caprice; radcap""]","Радиоканал RADCAP (RADio CAPrice) - FOLK DEATH METAL - стабильный эфир, хороший звук, качественный контент."
29,Nightride FM - Datawave,nightride-fm-datawave,Germany,,https://nightride.fm/,7.25,idm (tag); glitch (tag),"[""glitchy synthwave"", ""idm"", ""retro computing""]","Stream synthwave and cyberpunk music from electronic artists producing retrowave, darksynth, ebm, dnb, edm, techno and other electronica in 320kbps."
30,Radio Zica,radio-zica,Slovenia,,http://radiozica.eu/,7.2,psychedelic (tag); ambient (tag); psych (tag),"[""alternative"", ""ambiental"", ""blues"", ""classic rock"", ""funk"", ""psychedelic"", ""psychedelic rock"", ""rock""]",Radio Žica – … je špica!
31,Ultra Dark Radio,ultra-dark-radio,Germany,,http://www.ultradarkradio.com/,7.1,industrial (tag); underground (tag); metal (tag),"[""80s"", ""alternative"", ""crossover"", ""darkwave"", ""ebm"", ""gothic"", ""industrial"", ""metal"", ""new wave"", ""newcomer"", ""underground""]",
32,Black Rhino Radio,black-rhino-radio,Romania,,https://blackrhinoradio.com/,7.05,experimental (tag); ambient (tag),"[""ambient"", ""electronic"", ""experimental"", ""hip-hop"", ""house"", ""indie"", ""jazz"", ""reggae"", ""soul"", ""techno""]",Black Rhino Radio
33,LYL Radio,lyl-radio,FR,LYL Radio,https://lyl.live/,7.05,experimental (tag); ambient (tag),"[""ambient"", ""experimental"", ""specialist""]",We
34,Modular-Station,modular-station,France,,https://modular-station.com/,7.05,experimental (tag); ambient (tag),"[""ambient"", ""electronic"", ""experimental"", ""modular synthesis"", ""soundscape"", ""techno""]",Modular Station – The Modular Music Radio
35,Skylab Radio,skylab-radio,Australia,,http://skylab-radio.com/,7.05,experimental (tag); ambient (tag),"[""ambient"", ""eclectic"", ""experimental"", ""hip-hop"", ""house"", ""rock"", ""techno""]",Skylab | Home
36,SomaFM SF 10-33 (128k MP3),somafm-sf-10-33-128k-mp3,The United States Of America,,https://somafm.com/sf1033/,7.05,experimental (tag); ambient (tag),"[""ambient"", ""experimental"", ""fire scanner"", ""live"", ""mix""]",Ambient music mixed with the sounds of San Francisco public safety radio traffic.
37,Planet Ambi HD,planet-ambi-hd,Switzerland,,https://planetambi.com/,6.75,drone (tag); ambient (tag),"[""ambient"", ""drone""]",Planet Ambi HD Radio. We provide 24/7 music for relaxation and sleep. Only the finest ambient soundscapes and no beats. Relaxation in HD.
38,Slow Focus | NTS,slow-focus-nts,The United Kingdom Of Great Britain And Northern Ireland,,https://www.nts.live/infinite-mixtapes/slow-focus,6.75,drone (tag); ambient (tag),"[""ambient"", ""drone"", ""relaxing""]","Meditative, relaxing and beatless: ambient, drone and ragas."
39,100% ACID JAZZ,100-acid-jazz,Canada,,https://radiosuitenetwork.torontocast.stream/100-acid-jazz/,6.55,free jazz (tag); ambient (tag),"[""acid"", ""acid jazz"", ""ambient"", ""canada"", ""classic jazz"", ""free jazz"", ""hip hop"", ""instrumental music"", ""instrumentales"", ""jazz"", ""jazz fusion"", ""latin jazz"", ""nu-jazz"", ""piano jazz"", ""relax"", ""relaxing"", ""smooth jazz"", ""toronto"", ""trumpeth""]",100% ACID JAZZ – Radio Suite Network
40,aNONradio,anonradio,The United States Of America,,http://anonradio.net/,6.55,experimental (tag); underground (tag),"[""community radio"", ""eclectic"", ""experimental"", ""music"", ""non-commercial"", ""non-profit"", ""talk"", ""underground"", ""volunteer""]",// aNONradio // – [LIVE]: News to Me with mnw
41,24-7 Psychedelic Rock,24-7-psychedelic-rock,The United Kingdom Of Great Britain And Northern Ireland,,https://24-7nicheradio.com/audiogallery/24-7-psychedelic/,6.08,psychedelic (name); psych (name),"[""psychedelic"", ""psychedelic rock""]",24-7 Psychedelic Rock | Niche Radio
42,Radio Caprice - Psychedelic Folk,radio-caprice-psychedelic-folk,The Russian Federation,,http://radcap.ru/psychfolk.html,6.08,psychedelic (name); psych (name),"[""folk"", ""psychedelic"", ""psychedelic folk""]","Радиоканал RADCAP (RADio CAPrice) - PSYCHEDELIC FOLK - стабильный эфир, хороший звук, качественный контент."
43,Radio Caprice - Experimental Techno [2],radio-caprice-experimental-techno-2,The Russian Federation,,http://radcap.ru/exptechno.html,6.08,experimental (name),"[""electronic"", ""experimental"", ""experimental techno"", ""techno""]","Радиоканал RADCAP (RADio CAPrice) - EXPERIMENTAL TECHNO - стабильный эфир, хороший звук, качественный контент."
44,Verdure Station,verdure-station,The Russian Federation,,http://verdure.net/,6.05,idm (tag); ambient (tag),"[""ambient"", ""deep ambient"", ""idm""]",Verdure station is a non-profit Internet radio station with atmosphere of comfort and peace of mind through music.
45,HEADY,heady,The United States Of America,,https://www.heady.fm/,6.03,psychedelic (tag); psych (tag); underground (blurb),"[""indie"", ""indie rock"", ""psychedelic"", ""psychedelic rock"", ""rock""]","Stream commercial-free music 24/7 on HEADY.FM. Discover underground music, your favorite tracks, emerging artists, and deep cuts without interruptions. Listen online now."
46,Basspistol Radio,basspistol-radio,Switzerland,,https://basspistol.com/radio,5.88,experimental (tag); underground (blurb),"[""dance"", ""electronic"", ""experimental"", ""hiphop"", ""indie""]","Outernational Music Syndicate. The underground is dead, long live the underground!"
47,Culture Failure,culture-failure,The United States Of America,,https://culturefailure.com/,5.75,noise (tag); ambient (tag),"[""ambient"", ""electronic"", ""minimal"", ""noise""]",
48,SomaFM Doomed (256k MP3),somafm-doomed-256k-mp3,The United States Of America,,https://somafm.com/doomed/,5.75,industrial (tag); ambient (tag),"[""ambient"", ""dark"", ""industrial""]",Where every day is Halloween: Dark industrial/ambient music for tortured souls.
49,1LIVE Fiehe,1live-fiehe,Germany,,https://www1.wdr.de/radio/1live/on-air/sendungen/1live-fiehe/index.html,5.55,krautrock (tag); ambient (tag),"[""1 live"", ""1 live fiehe"", ""ambient"", ""drum and bass"", ""dubstep"", ""freestyle"", ""klaus fiehe"", ""krautrock"", ""minimal"", ""raum und zeit""]","Für viele ist er der ""deutsche John Peel"", er selbst fühlt sich als ""der Typ, der korrektes Zeug auflegt"". Klaus Fiehe impft unsere mainstreamtauben Ohren mit hochdosierten Tracks zwischen Break- und Straight Beats."
50,Systrum Sistum - SSR2,systrum-sistum-ssr2,Australia,,https://www.systrum.net/,5.15,idm (tag); ambient (blurb),"[""electro"", ""electronica"", ""idm"", ""techno""]",Ambient Radio | Radio Electronica
51,Flatlines Radio,flatlines-radio,Germany,,https://www.flatlinesradio.de/,5.05,industrial (tag); metal (tag),"[""darkwave"", ""ebm"", ""folk"", ""gothic"", ""industrial"", ""melodic rock"", ""metal"", ""mittelalter"", ""neofolk"", ""new wave"", ""post-punk""]",
52,Heavy Music Atmospheric Radio,heavy-music-atmospheric-radio,The Russian Federation,,https://www.heavy-music.net/,5.05,post-rock (tag); metal (tag),"[""atmospheric"", ""doom"", ""gothic"", ""heavy metal"", ""metal"", ""post-rock"", ""progressive rock""]",We deliver purest atmospheric selections of Progressive and Post rock music. Stay tuned!
53,laut.fm Schwarze Szene,laut-fm-schwarze-szene,Germany,,http://laut.fm/schwarzeszene,5.05,industrial (tag); metal (tag),"[""folk"", ""dark wave"", ""electro"", ""gothic"", ""industrial"", ""medieval"", ""metal"", ""neofolk""]",
54,SomaFM Deep Space One (128k MP3),somafm-deep-space-one-128k-mp3,The United States Of America,,https://somafm.com/deepspaceone/,5.02,experimental (blurb); ambient (tag),"[""ambient"", ""electronic"", ""space""]","Deep ambient electronic, experimental and space music. For inner and outer space exploration."
55,Avant-Prog/Rock in Opposition/Canterbury Scene/Zeuhl - Radio Caprice,avant-prog-rock-in-opposition-canterbury-scene-zeuhl-radio-caprice,,,http://radcap.ru/avantprog.html,5.0,avant-garde (tag),"[""avant-garde"", ""zeuhl""]",
56,SomaFM — Sonic Universe,somafm-sonicuniverse,US,SomaFM,https://somafm.com/sonicuniverse/,5.0,avant-garde (tag),"[""avant-garde"", ""jazz"", ""specialist""]","Transcending the world of jazz with eclectic, avant-garde takes on tradition."
57,SomaFM CliqHop IDM (256k MP3),somafm-cliqhop-idm-256k-mp3,The United States Of America,,https://somafm.com/cliqhop/,4.73,idm (name),"[""idm""]",Blips
58,HighFi Dream,highfi-dream,The United States Of America,,https://highfidream.com/,4.65,psychedelic (tag); psych (tag),"[""alternative / indie"", ""dream pop"", ""dream-pop"", ""electronic"", ""house/soulful/deep house"", ""indie"", ""melodic house"", ""neo soul"", ""neo-soul"", ""new wave"", ""post punk"", ""psychedelic"", ""shoegaze"", ""synthpop"", ""synthwave"", ""trip-hop""]",High Fi Dream 92.3FM HD4 - Your musical dreams curated.
59,MDR Sputnik Insomnia,mdr-sputnik-insomnia,Germany,,http://sputnik.de/sendungen/musikspecials/sputnik-insomnia--100.html,4.65,psychedelic (tag); psych (tag),"[""melancholic"", ""psychedelic"", ""slow""]",
60,Memory Lane | NTS,memory-lane-nts,The United Kingdom Of Great Britain And Northern Ireland,,https://www.nts.live/infinite-mixtapes/memory-lane,4.65,psychedelic (tag); psych (tag),"[""garage rock"", ""psychedelic"", ""soul""]","Turn on, tune in, drop out."
61,PsyRadio Chillout,psyradio-chillout,Germany,,http://psyradio.fm/,4.65,psychedelic (tag); psych (tag),"[""chillout"", ""psychedelic""]","psyradio is an online webradio station. It broadcasts his finest selection of psychedelic electronic music 24 hours a day. It consists of four music channels: progressive, psytrance, chillout and alternative."
62,PsyStream,psystream,The United Kingdom Of Great Britain And Northern Ireland,,http://psymusic.co.uk/,4.65,psychedelic (tag); psych (tag),"[""progressive"", ""psychedelic"", ""psytrance"", ""trance""]",
63,RadiOzora,radiozora,Hungary,,https://radiozora.fm/,4.65,psychedelic (tag); psych (tag),"[""darkpsy"", ""full-on"", ""ozora"", ""progressive psytrance"", ""psychedelic"", ""psytrance"", ""trance""]",We are connected to the same frequency
64,RadiOzora Chill,radiozora-chill,Hungary,,https://radiozora.fm/,4.65,psychedelic (tag); psych (tag),"[""chill"", ""chillout"", ""downtempo"", ""electronic"", ""psychedelic"", ""psychill""]",We are connected to the same frequency
65,Radio Ozora,radio-ozora,Hungary,,https://radiozora.fm/,4.65,psychedelic (tag); psych (tag),"[""goa"", ""psychedelic""]",We are connected to the same frequency
66,psyradio * fm - progressive,psyradio-fm-progressive,Germany,,http://psyradio.fm/,4.65,psychedelic (tag); psych (tag),"[""progressive"", ""psychedelic"", ""psytrance""]","psyradio is an online webradio station. It broadcasts his finest selection of psychedelic electronic music 24 hours a day. It consists of four music channels: progressive, psytrance, chillout and alternative."
67,DARK ZERO RADIO,dark-zero-radio,Germany,,https://dark-zero-radio.com/,4.58,industrial (tag); underground (blurb),"[""dark wave"", ""ebm"", ""futurepop"", ""gothic"", ""gothic-rock"", ""industrial"", ""new beat."", ""new wave"", ""post-punk"", ""synth-pop""]","Dark-Zero-Radio is an online radio station based in Germany, specializing in Darkwave, EBM, Futurepop, Gothic Rock, Industrial, New Beat, New Wave, Post-Punk, Synthpop, NDH, and Melodic Rock. Founded in March 2018, it delivers an exciting mix of alternative and underground music"
68,8Ball Radio,8ball-radio,US,8 Ball Community,https://8ballradio.nyc/,4.5,experimental (tag),"[""community"", ""experimental"", ""specialist""]",8-Ball Radio - Community Based Online Radio Station
69,GDS.FM,gds-fm,Switzerland,,http://www.gds.fm/,4.5,experimental (tag),"[""acid-house"", ""experimental"", ""hiphop"", ""indie rock"", ""nu-jazz"", ""trip hop""]","GDS.FM ist eine wichtige Plattform für hiesige Musikschaffende und sendet nonstop besten Sound ohne mühsame Werbeunterbrechungen. Seit 2014 setzen wir uns dafür ein, dass die kulturelle Vielfalt, die das Schweizer Nachtleben zu bieten hat, auch über Radio zugänglich gemacht wird."
70,Kiosk Radio,kiosk-radio,BE,Kiosk Radio,https://www.kioskradio.com/,4.5,experimental (tag),"[""club"", ""electronic"", ""experimental"", ""specialist""]","Kiosk Radio is a community web radio station and streaming platform broadcasting 24/7 from a wooden kiosk in the heart of Brussels' historic 'Parc Royal'. Since 2017, it's been a place where music drifts between genres without boundaries or rules."
71,Lahmacun Radio,lahmacun-radio,HU,Lahmacun Radio,https://lahmacun.hu/,4.5,experimental (tag),"[""electronic"", ""experimental"", ""specialist"", ""world""]",Lahmacun.hu is an online music & more radio from Budapest since 2018
72,Polushon,polushon,Sweden,,http://polushon.com/,4.5,experimental (tag),"[""experimental"", ""jazz"", ""world"", ""world music""]",Polushon Radio
73,Radio Centraal 106.7FM,radio-centraal-106-7fm,Belgium,,https://www.radiocentraal.be/,4.5,experimental (tag),"[""avante-garde"", ""community"", ""experimental"", ""independent"", ""non-commercial"", ""situationist""]",
74,Rap House | NTS,rap-house-nts,,,https://www.nts.live/infinite-mixtapes/rap-house,4.5,experimental (tag),"[""drill"", ""experimental"", ""rap"", ""trap""]",808s and champagne.
75,Resonance FM 104.4 - London,resonance-fm-104-4-london,The United Kingdom Of Great Britain And Northern Ireland,,https://www.resonancefm.com/,4.5,experimental (tag),"[""community radio"", ""experimental"", ""london""]","Resonance is a groundbreaking 24/7 radio station which broadcasts on 104.4 FM to central London, DAB to Greater London, nationally on Radioplayer and live streamed to the rest of the world"
76,Super45.fm,super45-fm,Chile,,https://super45.fm/,4.5,experimental (tag),"[""experimental"", ""indie""]",Radio online desde Santiago de Chile. Probablemente la mejor radio del mundo.
77,Yammat FM,yammat-fm,Croatia,,https://www.yammat.fm/,4.5,experimental (tag),"[""alternative"", ""dance"", ""disco"", ""experimental"", ""funk"", ""gospel"", ""hip-hop"", ""house"", ""indie"", ""punk"", ""reagge"", ""rock"", ""soul"", ""techno"", ""world""]","Radio streamovi Za drugo stanje svijesti Pokrenite svoj zvuk, live i tematskim glazbenim streamovima. Pred vama je sve što vam treba. play_arrow ROMANTIC REBELS & POP WAVES New Wave / POP / 80's / 90's play_arrow YAMMAT LIVE ON AIR play_arrow STREET SPITTA HIP HOP/"
78,p-node,p-node,France,,https://p-node.org/,4.5,experimental (tag),"[""experimental""]",∏ node is an hybrid radio/stream platform
79,Radio Caprice - Post-rock,radio-caprice-post-rock,The Russian Federation,,http://radcap.ru/postrock.html,4.32,post-rock (name),"[""post-rock""]",
80,Le Grigri,le-grigri,France,,https://www.le-grigri.com/,4.0,free jazz (tag),"[""african music"", ""free jazz"", ""hip-hop"", ""jazz"", ""world"", ""world music""]",C’était quoi cette track ? ON AIR Titre en cours de diffusion Lecteur audio Download on Follow us Facebook X-twitter Instagram DONATE Carte blanche Carte Blanche de Buck. 1h de sons sélectionnés par le sextet pour leur nouvel album. Listen now ↗ Last news Best album of the
81,Radio Underground,radio-underground,Poland,,http://www.radiounderground.org/,3.88,underground (name); metal (tag),"[""independent music"", ""metal"", ""polska"", ""post-punk"", ""punk"", ""punk rock"", ""punkowe radio"", ""radio underground"", ""reggae"", ""ska""]",PUNKOWE RADIO UNDERGROUND. Muzyka Punk z lat
82,dinamo.fm smog,dinamo-fm-smog,Türkiye,,http://www.dinamo.fm/,3.5,idm (tag),"[""deep"", ""dub"", ""electronica"", ""idm""]",
83,Darksynth Radio,darksynth-radio,Austria,,https://laut.fm/darksynthradio,3.2,industrial (tag),"[""electronic"", ""80s"", ""darkwave"", ""electropop"", ""gothic"", ""industrial"", ""minimal wave"", ""synthpop""]",
84,ElectroZombies,electrozombies,Germany,,https://electrozombies.com/,3.2,industrial (tag),"[""darkwave"", ""ebm"", ""electropop"", ""futurepop"", ""gothic"", ""industrial"", ""new wave"", ""synthpop""]","Your no.1 place for classic to contemporary synth pop music. Discover music videos, album reviews, and more of your beloved music genre."
85,Ambient Modern,ambient-modern,The United States Of America,,https://ambientmodern.com/,2.7,ambient (name),"[""ambient"", ""chillout"", ""non-commercial"", ""relaxation music"", ""relaxing""]",Ambient Modern – a radio station for modern ambient music
86,Ambiento,ambiento,Romania,,https://ambientoradio.com/,2.7,ambient (name),"[""ambient"", ""chillout"", ""lounge""]",Muzica ambientala - lounge - chillout | Ambiento Radio
87,CoSTa's Ambient Radio,costa-s-ambient-radio,Poland,,https://pc.costa-server.info.pl:11020/public/costas_ambient_radio,2.7,ambient (name),"[""ambient"", ""electronic"", ""psybient""]",
88,ISEKOI Radio | Non-Stop Ambient,isekoi-radio-non-stop-ambient,France,,https://isekoi-radio.com/,2.7,ambient (name),"[""ambient"", ""meditation"", ""relax"", ""relaxation""]","Your gateway to cosmic frequencies. ISEKOI monitors the deep space for unique signals, broadcasting these celestial discoveries 24/7."
89,RADCAP: AMBIENT DUB,radcap-ambient-dub,The Russian Federation,,http://radcap.ru/ambientdub.html,2.7,ambient (name),"[""ambient"", ""ambient dub""]","Радиоканал RADCAP (RADio CAPrice) - AMBIENT DUB - стабильный эфир, хороший звук, качественный контент."
90,Radio Caprice: Ambient,radio-caprice-ambient,The Russian Federation,,http://radcap.ru/ambient.html,2.7,ambient (name),"[""ambient""]","Радиоканал RADCAP (RADio CAPrice) - AMBIENT - стабильный эфир, хороший звук, качественный контент."
91,Traxx FM - Ambient,traxx-fm-ambient,Switzerland,,http://www.traxx.fm/,2.7,ambient (name),"[""ambient"", ""ambient and relaxation music"", ""chill"", ""chillout"", ""commercial-free"", ""no ads"", ""relax"", ""relaxation"", ""relaxation music"", ""relaxing""]",
92,ambient.fm,ambient-fm,The United States Of America,,https://ambient.fm/,2.7,ambient (name),"[""ambient"", ""ambient and relaxation music"", ""ambient easy listening"", ""ambient lounge"", ""ambient techno"", ""deep ambient"", ""easy music"", ""electronic"", ""light"", ""meditate"", ""meditation"", ""nevada"", ""peace"", ""relaxation music"", ""relaxing"", ""tonopah"", ""yoga"", ""zen ambient""]",Ambient music broadcasting from Nevada
93,KFJC 89.7 FM,kfjc,US,Foothill College,https://kfjc.org,2.48,experimental (blurb),"[""college""]","KFJC 89.7 FM in Los Altos Hills, California, is a volunteer-run radio station serving the Bay Area with live DJs playing a freeform mix of new music, audio art, and experimental sounds found nowhere else."
94,SomaFM Underground 80s (128k MP3),somafm-underground-80s-128k-mp3,The United States Of America,,https://somafm.com/u80s/,2.03,underground (name),"[""80s"", ""new wave"", ""uk synthpop""]",Early 80s UK Synthpop and a bit of New Wave.
95,SomaFM Underground 80s (256k MP3),somafm-underground-80s-256k-mp3,The United States Of America,,https://somafm.com/u80s/,2.03,underground (name),"[""80s"", ""new wave"", ""uk synthpop""]",Early 80s UK Synthpop and a bit of New Wave.
96,Candelight,candelight,The Netherlands,,http://www.candlelight.nl/,2.0,ambient (tag),"[""ambient"", ""ambient and relaxation music""]",Love Songs & Pop Classics
97,Chill Lounge Florida (USA) 128k mp3,chill-lounge-florida-usa-128k-mp3,The United States Of America,,https://vip2.fastcast4u.com/proxy/chillfla?mp=/1,2.0,ambient (tag),"[""ambient"", ""chill"", ""chillout"", ""lounge""]",
98,Concertzender De Gehoorde Stilte,concertzender-de-gehoorde-stilte,The Netherlands,,https://www.concertzender.nl/programma_genre/hedendaagse-muziek/,2.0,ambient (tag),"[""ambient""]",De Concertzender is er voor muziekliefhebbers die het avontuur niet schuwen. Onder het motto
99,Cryosleep,cryosleep,The United States Of America,,http://www.echoesofbluemars.org/cryosleep.php,2.0,ambient (tag),"[""ambient"", ""calm"", ""music"", ""nobeat"", ""sleep"", ""space""]",
100,DEEP IN SPACE,deep-in-space,The Russian Federation,,https://deepinspace.ru/,2.0,ambient (tag),"[""ambi"", ""ambient"", ""chillout"", ""deep space"", ""space music""]",DEEP IN SPACE - space travel music. Музыка для космических путешествий
101,Deep Radio,deep-radio,The Netherlands,,https://deep.radio/,2.0,ambient (tag),"[""ambient"", ""dance"", ""deep house"", ""downtempo"", ""edm"", ""house"", ""nu-jazz"", ""progressive"", ""techno""]","Wij zijn Deep, een legendarisch online dance radio station. We ademen al bijna 20 jaar dancemuziek. Ons hart klopt 24 uur per dag in een vette beat. Probeer daar maar eens stil bij te blijven zitten! Overal te beluisteren via https://deep.radio"
102,EPIC CLASSICAL - Classical Dinner,epic-classical-classical-dinner,Germany,,https://epic-classical.com/,2.0,ambient (tag),"[""ambient"", ""chillout"", ""classical"", ""classical piano"", ""jazz"", ""klassik"", ""lounge"", ""piano"", ""synth""]",
103,EPIC CLASSICAL - Classical Oldies,epic-classical-classical-oldies,Germany,,https://epic-classical.com/,2.0,ambient (tag),"[""ambient"", ""ambiente"", ""classic"", ""goldies"", ""jazz"", ""klassik"", ""new classics"", ""oldies"", ""piano"", ""relax""]",
104,EPIC CLASSICAL - Classical Study,epic-classical-classical-study,Germany,,https://epic-classical.com/,2.0,ambient (tag),"[""adult contemporary"", ""ambient"", ""chillout"", ""chillout+lounge"", ""classical"", ""jazz"", ""klassik"", ""music for study""]",
105,Echoes of Bluemars,echoes-of-bluemars,The United States Of America,,http://www.echoesofbluemars.org/bluemars.php,2.0,ambient (tag),"[""ambient"", ""bluemars"", ""mars"", ""music"", ""space""]",
106,Euro Smooth Jazz,euro-smooth-jazz,Germany,,http://eurosmoothjazz.com/,2.0,ambient (tag),"[""ambient"", ""lounge"", ""smooth jazz""]","Aktueller Song, Playlist und Infos zu Euro Smoothjazz."
107,HEXX 9 Radio,hexx-9-radio,The United States Of America,,http://hexx9.com/,2.0,ambient (tag),"[""ambient"", ""darkwave"", ""ebm"", ""film"", ""gothic"", ""witch house"", ""witchhouse""]",", d▲rkk r▲ve vvIŧCђ ┼E̢͏̫̤̫̙͙͕̥̪ΛΛple of ڳad , deth┼ec, l͚̤͔͖̼͔̩ow tape, EVP, dea┼h trvcks"
108,Hirschmilch Radio,hirschmilch-radio,Germany,,https://hirschmilch.de:7001/chillout.mp3,2.0,ambient (tag),"[""ambient"", ""chillout"", ""relax""]",
109,Journeyscapes Radio,journeyscapes-radio,Canada,,https://www.journeyscapesradio.com/,2.0,ambient (tag),"[""ambient"", ""chillout""]","Chillout internet radio station for ambient, space, downtempo, ethereal & ethno-electronica, plus music reviews, artist interviews and more!"
110,Kapitał,kapita,Poland,,https://radiokapital.pl/,2.0,ambient (tag),"[""ambient"", ""comunity"", ""techno""]",Pierwsze radio społecznościowe w Polsce.
111,Laut.FM Chillout-Radio,laut-fm-chillout-radio,Germany,,https://laut.fm/chilloutradio,2.0,ambient (tag),"[""ambient"", ""space""]",
112,Laut.FM Shoegaze,laut-fm-shoegaze,Germany,,https://laut.fm/shoegaze,2.0,ambient (tag),"[""ambient"", ""dream pop"", ""electro"", ""indie"", ""post-punk"", ""rock"", ""shoegaze""]",
113,Laut.FM Synthesizer Greatest,laut-fm-synthesizer-greatest,Germany,,http://www.laut.fm/synthesizergreatest,2.0,ambient (tag),"[""ambient"", ""electronic""]",
114,Melodies Web Radio,melodies-web-radio,Greece,,https://melodieswebradio.wixsite.com/,2.0,ambient (tag),"[""ambient"", ""ambient and relaxation music"", ""jazz""]",
115,Netil Radio,netil-radio,The United Kingdom Of Great Britain And Northern Ireland,,http://netilradio.com/,2.0,ambient (tag),"[""ambient"", ""beats"", ""breaks"", ""disco"", ""electro"", ""electronic"", ""hip-hop"", ""house"", ""reggae"", ""techno""]","Real life radio from residents, shows and DJ’s with stories and anecdotes of lives spent in music."
116,OFFradio (320),offradio-320,Greece,,http://offradio.gr/,2.0,ambient (tag),"[""alternative"", ""ambient"", ""chillout"", ""eclectic"", ""indie"", ""lounge"", ""trip-hop"", ""world"", ""world music""]",Turn your radio OFF και άκου #μουσικάρες στο δημοφιλέστερο streaming ραδιόφωνο στην Ελλάδα από το 2008.
117,Play Emotions,play-emotions,Italy,,,2.0,ambient (tag),"[""ambient"", ""chill"", ""relaxing""]",
118,RADIO DIMENSIONE RELAX,radio-dimensione-relax,Italy,,https://rdastation.it/,2.0,ambient (tag),"[""ambient"", ""ambient and relaxation music"", ""ambient lounge"", ""ambiental"", ""chillout"", ""chillout+lounge"", ""deep ambient"", ""italian music"", ""jazz"", ""lounge"", ""lounge music"", ""relax"", ""smooth jazz"", ""soft music""]",
119,RauteMusik Lounge,rautemusik-lounge,Germany,,http://www.rautemusik.fm/lounge/,2.0,ambient (tag),"[""ambient"", ""chillout"", ""jazz""]",Webradio - Internetradio - RauteMusik
120,Seven Rays - 7rays,seven-rays-7rays,Ukraine,,https://7promeniv.com.ua/radio-en,2.0,ambient (tag),"[""ambient"", ""chillout"", ""meditation"", ""new age"", ""relax""]",
121,SomaFM DEF CON Radio (128k AAC),somafm-def-con-radio-128k-aac,The United States Of America,,https://somafm.com/defcon/,2.0,ambient (tag),"[""ambient"", ""chill"", ""defcon"", ""electronic"", ""hacker"", ""non-commercial""]",Music for Hacking. The DEF CON Year-Round Channel.
122,SomaFM Secret Agent (128k MP3),somafm-secret-agent-128k-mp3,The United States Of America,,https://somafm.com/secretagent/,2.0,ambient (tag),"[""ambient"", ""downtempo"", ""jazz"", ""lounge"", ""samba"", ""sixties""]","The soundtrack for your stylish, mysterious, dangerous life. For Spies and PIs too!"
123,SomaFM Synphaera Radio,somafm-synphaera-radio,The United States Of America,,https://somafm.com/synphaera,2.0,ambient (tag),"[""ambient"", ""electronic"", ""space""]",Featuring the music from an independent record label focused on modern electronic ambient and space music.
124,Total instrumental,total-instrumental,Germany,,http://www.radio-total-instrumental.de/,2.0,ambient (tag),"[""ambient"", ""dance"", ""electronic"", ""instrumental""]",
125,Wavebreaker,wavebreaker,Germany,,https://laut.fm/wavebreaker,2.0,ambient (tag),"[""alternative"", ""ambient"", ""electropop"", ""gothic"", ""indie"", ""new wave""]",
126,dinamo.fm sleep,dinamo-fm-sleep,Türkiye,,http://www.dinamo.fm/,2.0,ambient (tag),"[""ambient"", ""chillout"", ""lullaby"", ""relaxing"", ""sleep"", ""zen""]",Official website of Istanbul's premier electronic/indie radio station.
