name,slug,homepage_url,logo_url,logo_source,logo_width,logo_height,station_icon_url,station_icon_source,station_icon_width,station_icon_height
0nlineradio — 50s,rb-0725d662-7f7b-4363-8c8f-2b35c6916d84,https://0nlineradio.com/,,,,,,,,
8Ball Radio,8ball-radio,https://8ballradio.nyc/,,,,,,,,
CJLO 1690AM,cjlo,https://www.cjlo.com/,,,,,,,,
CKCU 93.1 FM,ckcu,https://ckcu.ca,,,,,,,,
Culture Failure,culture-failure,https://culturefailure.com/,,,,,,,,
Dublab,dublab,https://dublab.com,,,,,,,,
Greatest Hits — 1950s,rb-03ec60d0-3294-459e-bfb5-b5ffa9b95784,https://greatesthits.radio/,,,,,,,,
HEXX 9 Radio,hexx-9-radio,http://hexx9.com/,,,,,,,,
Hirschmilch Radio,hirschmilch-radio,https://hirschmilch.de:7001/chillout.mp3,,,,,,,,
KCRW — Eclectic 24,kcrw-eclectic24,https://www.kcrw.com/music/shows/eclectic24,,,,,,,,
KPISS,rb-56241b49-2f23-4266-bdad-f4ad9a41ee24,,,,,,,,,
MDR Sputnik Insomnia,mdr-sputnik-insomnia,http://sputnik.de/sendungen/musikspecials/sputnik-insomnia--100.html,,,,,,,,
Play Emotions,play-emotions,,,,,,,,,
Positively — 1950s,rb-671c9bbc-41a2-4f0f-9215-1aabe2f34134,https://play.positivity.radio/,,,,,,,,
PsyStream,psystream,http://psymusic.co.uk/,,,,,,,,
Radio Caprice - Celtic,radio-caprice-celtic,http://radcap.ru/,,,,,,,,
Radio Caprice - Folk Death Metal,radio-caprice-folk-death-metal,http://radcap.ru/folkdeathmetal.html,,,,,,,,
Radio Caprice - Progressive Folk,radio-caprice-progressive-folk,http://radcap.ru/progfolk.html,,,,,,,,
Radio Retro Folk,radio-retro-folk,,,,,,,,,
Radyo A (Radyo Anadolu Üniversitesi),radyo-a-radyo-anadolu-niversitesi,http://www.radyoa.anadolu.edu.tr/,,,,,,,,
Seven Rays - 7rays,seven-rays-7rays,https://7promeniv.com.ua/radio-en,,,,,,,,
Total instrumental,total-instrumental,http://www.radio-total-instrumental.de/,,,,,,,,
Traxx FM - Cool Jam,traxx-fm-cool-jam,http://www.traxx.fm/,,,,,,,,
Ultra Dark Radio,ultra-dark-radio,http://www.ultradarkradio.com/,,,,,,,,
WPFW 89.3 FM,wpfw,https://www.wpfw.org,,,,,,,,
WXDU 88.7 FM,wxdu,https://wxdu.duke.edu,,,,,,,,
t67-4fdb1912 All Oldies Channel,t67-4fdb1912-era,,,,,,,,,
t67-4fdb1912 Jazz FM,t67-4fdb1912-genre,,,,,,,,,
