id,name,slug
159,KCRW — Eclectic 24,kcrw-eclectic24
4940,Total instrumental,total-instrumental
4973,Hirschmilch Radio,hirschmilch-radio
5025,Experimentalgems,experimentalgems
5209,Darksynth Radio,darksynth-radio
5405,Radyo A (Radyo Anadolu Üniversitesi),radyo-a-radyo-anadolu-niversitesi
5499,Denge Qamishlo,denge-qamishlo
5708,Path through the Forest,path-through-the-forest
5791,PsyStream,psystream
5819,laut.fm - Shamanic Tunes,laut-fm-shamanic-tunes
5829,MDR Sputnik Insomnia,mdr-sputnik-insomnia
7463,Radio Caprice - Progressive Folk,radio-caprice-progressive-folk
10492,Culture Failure,culture-failure
10503,Elektronisch Querbeat,elektronisch-querbeat
10559,Laut.FM SynthPop,laut-fm-synthpop
10569,Wavebreaker,wavebreaker
10572,Ultra Dark Radio,ultra-dark-radio
10577,laut.fm - Dark Sound United,laut-fm-dark-sound-united
10585,Laut.FM Vinyl-XL,laut-fm-vinyl-xl
10586,laut.fm Dark-Mythos,laut-fm-dark-mythos
10846,Traxx FM - Cool Jam,traxx-fm-cool-jam
11324,Radio Caprice - Celtic,radio-caprice-celtic
12368,Championshipvinyl,championshipvinyl
14483,Laut.FM Synthesizer Greatest,laut-fm-synthesizer-greatest
17169,Radio Caprice - Folk Death Metal,radio-caprice-folk-death-metal
19093,laut.fm Schwarze Szene,laut-fm-schwarze-szene
30654,Dublab,dublab
30655,Rinse FM,rinse-fm
64270,laut.fm Fantasyradio,laut-fm-fantasyradio
91515,Seven Rays - 7rays,seven-rays-7rays
140925,Jazzloft,jazzloft
207031,HEXX 9 Radio,hexx-9-radio
309459,DJ 666 Geordieblackcore,dj-666-geordieblackcore
427427,Radio Rabenwind,radio-rabenwind
432327,WXDU 88.7 FM,wxdu
432347,KCSM 91.1 FM,kcsm
432348,WPFW 89.3 FM,wpfw
743708,8Ball Radio,8ball-radio
848157,0nlineradio — 50s,rb-0725d662-7f7b-4363-8c8f-2b35c6916d84
848158,Greatest Hits — 1950s,rb-03ec60d0-3294-459e-bfb5-b5ffa9b95784
848159,Positively — 1950s,rb-671c9bbc-41a2-4f0f-9215-1aabe2f34134
851222,CJLO 1690AM,cjlo

