ALBUM,ID,genre,CMPLX,EXCLM,GIGW,GVSB,LTW,MOJO,NPR,PASTE,QTUS,ROUGH,UNCUT,BLBRD,CRACK,SGUM,RS,NBHAP,TRBLE,PFORK,ALBISM,SLANT,WIRE,POPMT,LoBF,FROUT,GODTV,NME,,,,,,,,AVG,WT-AVG,CONS SCORE,# Lists,Top 10s,#1s
Little Simz - Sometimes I Might Be Introvert,51,Hip Hop,,1,8,,3,28,2,4,27,3,21,19,,,36,1,17,29,1,23,,1,1,8,4,2,,,,,,,,11.38,0.5419501134,23.61538462,21,13,5
"Tyler, the Creator - CALL ME IF YOU GET LOST",1,Hip Hop,1,4,26,29,,47,13,6,,,,2,31,16,4,7,,3,,14,,,16,19,,5,,,,,,,,14.29,0.8408304498,35.30769231,17,8,1
Japanese Breakfast - Jubilee,68,Indie,,20,,,,,11,5,47,15,,16,,5,10,11,2,14,,1,,30,3,2,2,,,,,,,,,12.13,0.7578125,36.30769231,16,8,1
"Floating Points, Pharoah Sanders & The LSO - Promises",56,Classical,,7,,,,1,6,1,,18,2,,10,12,,,5,4,4,,3,2,,11,,,,,,,,,,6.14,0.4387755102,37.92307692,14,11,2
Dry Cleaning - New Long Leg,93,Post-Punk,,49,21,,11,15,,7,41,1,17,,,,24,17,48,10,,38,11,,,1,19,43,,,,,,,,21.94,1.290657439,40.30769231,17,4,2
Low - Hey What,66,Indie,,18,,39,50,4,21,12,,,4,,,4,16,,1,5,,5,4,,,36,44,,,,,,,,,17.53,1.168888889,41.84615385,15,7,1
Arlo Parks - Collapsed In Sunbeams,114,Indie,,,31,,,,8,21,,2,27,15,,,19,10,,,9,,,4,11,13,26,7,,,,,,,,14.50,1.035714286,42.42307692,14,6,0
Mdou Moctar - Afrique Victime,63,Rock,,15,23,,,20,,11,,19,13,,16,,26,,13,8,,22,41,13,21,27,,,,,,,,,,19.20,1.28,42.80769231,15,1,0
The Weather Station - Ignorance,52,Indie,,2,,,,12,,3,4,11,1,,,8,27,,15,7,,,,28,43,32,,,,,,,,,,14.85,1.142011834,44.92307692,13,6,1
Snail Mail - Valentine,57,Indie,,8,,33,,,,10,,,,20,,2,32,29,24,15,,24,,26,12,10,,24,,,,,,,,19.21,1.37244898,44.96153846,14,4,0
The War on Drugs - I Don't Live Here Anymore,62,Indie,,14,33,,,17,,20,,,8,40,,1,,14,36,34,,32,,46,37,23,,12,,,,,,,,24.47,1.631111111,45.84615385,15,2,1
Nick Cave & Warren Ellis - CARNAGE,116,Rock,,,34,,17,5,,13,,37,3,,,15,,,29,,,7,,,,14,7,6,,,,,,,,15.58,1.298611111,47.57692308,12,5,0
Turnstile - GLOW ON,65,Punk,,17,,,,,24,2,,,,27,17,3,8,,10,6,,,,,,15,,9,,,,,,,,12.55,1.140495868,48.57692308,11,6,0
Olivia Rodrigo - SOUR,15,Pop,15,9,15,,,,,,,,,1,,13,1,,,21,,42,,15,8,,,10,,,,,,,,13.64,1.239669421,49.03846154,11,5,2
"Black Country, New Road - For the first time",212,Indie,,,,,,14,,40,34,4,9,,24,,,6,6,,,48,,14,,39,49,40,,,,,,,,25.15,1.934911243,50.07692308,13,4,0
Cassandra Jenkins - An Overview on Phenomenal Nature,60,Singer-Songwriter,,12,,34,,,,17,,9,7,,,10,,,12,17,,15,,48,,,11,,,,,,,,,17.45,1.58677686,50.65384615,11,3,0
Jazmine Sullivan - Heaux Tales,5,Soul,5,,18,,,,1,24,,,,9,,,7,,34,1,,49,,,2,,,,,,,,,,,15.00,1.5,51.92307692,10,6,2
Sons of Kemet - Black to the Future,98,Jazz,,,4,,14,8,,26,,,12,,,35,,,7,,6,,19,,,26,,,,,,,,,,15.70,1.57,52.19230769,10,4,0
Wolf Alice - Blue Weekend,110,Alternative Rock,,,25,,32,36,,,,8,,,,,,2,,,3,,,22,23,6,,3,,,,,,,,16.00,1.6,52.30769231,10,5,0
Squid - Bright Green Field,70,Punk,,22,,,10,48,,18,,6,39,,9,29,,9,,,,43,,,,3,,,,,,,,,,21.45,1.950413223,52.34615385,11,5,0
Julien Baker - Little Oblivions,61,Singer-Songwriter,,13,,,,,,36,,,,46,,23,,21,23,,35,41,,38,13,28,13,,,,,,,,,27.50,2.291666667,53.07692308,12,0,0
Sleaford Mods - Spare Ribs,96,Hip Hop,,,2,,7,13,,,9,35,16,,,,,42,,,,,,6,,42,,16,,,,,,,,18.80,1.88,53.38461538,10,4,0
Lucy Dacus - Home Video,74,Singer-Songwriter,,27,,,,,3,28,,,,,,14,5,41,,,,13,,42,34,9,,,,,,,,,,21.60,2.16,54.46153846,10,3,0
Billie Eilish - Happier Than Ever,38,Pop,38,,14,,,,,,,,,8,,,15,28,,,23,6,,45,,47,,15,,,,,,,,23.90,2.39,55.34615385,10,2,0
Idles - Crawler,107,Post-Punk,,,19,,18,18,,,,5,,,,,,5,,,,,,,46,7,33,28,,,,,,,,19.89,2.209876543,55.92307692,9,3,0
Lil Nas X - MONTERO,35,Pop,35,,24,,,,30,,,,,3,50,,6,,,,,,,9,4,,,20,,,,,,,,20.11,2.234567901,56,9,4,0
PinkPantheress - to hell with it,46,Electronic,46,48,5,,,,22,,,,,14,27,,12,,,,,9,,,5,,,,,,,,,,,20.89,2.320987654,56.26923077,9,3,0
St. Vincent - Daddy's Home,118,Indie,,,36,,24,2,,,,16,23,,,,50,32,,,,2,,16,,,,,,,,,,,,22.33,2.481481481,56.76923077,9,2,0
"Halsey - If I Can't Have Love, I Want Power",34,Alternative Rock,34,,,,,,,,,,,6,,26,18,,,,11,20,,,15,,,8,,,,,,,,17.25,2.15625,57.23076923,8,2,0
Summer Walker - STILL OVER IT,7,R&B,7,,29,,,,28,,,,,17,19,38,33,,,,,,,,18,,,27,,,,,,,,24.00,2.666666667,57.34615385,9,1,0
Self Esteem - Prioritise Pleasure,95,Pop,,,1,,8,,,,,,,,,,,,,,,,,43,14,21,3,4,,,,,,,,13.43,1.918367347,58.42307692,7,4,1
black midi - Cavalcade,73,Indie,,26,,,25,,,,20,12,,,,,,37,8,23,,,,,,25,,,,,,,,,,22.00,2.75,58.69230769,8,1,0
L'Rain - Fatigue,268,Indie,,,,,,,,38,15,22,,,20,,,,46,2,,,1,,38,,,,,,,,,,,22.75,2.84375,58.92307692,8,2,1
Mach-Hommy - Pray for Haiti,8,Hip Hop,8,25,,5,,,18,22,,,,,44,47,,,,20,,,,,,,,,,,,,,,,23.63,2.953125,59.19230769,8,2,0
Adele - 30,3,Pop,3,,,,,,14,,,,,4,,,2,,,32,45,,,,32,,,,,,,,,,,18.86,2.693877551,59.88461538,7,3,0
Mogwai - As The Love Continues,106,Indie,,,17,,5,26,,,,49,15,,,,,,,,,,,,,12,8,,,,,,,,,18.86,2.693877551,59.88461538,7,2,0
Kacey Musgraves - star-crossed,22,Pop,22,,,,,,,,,,,13,41,28,,,,,17,,,7,45,,,48,,,,,,,,27.63,3.453125,60.42307692,8,1,0
Arab Strap - As Days Get Dark,101,Indie,,,9,,23,44,,,18,,36,,,17,,,,,,,,,,16,,,,,,,,,,23.29,3.326530612,61.07692308,7,1,0
Madlib - Sound Ancestors,153,Hip Hop,,,,27,,,,19,,10,38,,,34,31,,,,49,,31,,,,,,,,,,,,,29.88,3.734375,61.11538462,8,1,0
Vince Staples - Vince Staples,19,Hip Hop,19,28,,,,,9,,,,,34,,,,,22,,,45,,,,41,,42,,,,,,,,30.00,3.75,61.15384615,8,1,0
Armand Hammer & The Alchemist - HARAM,28,Hip Hop,28,,,15,,,,16,,,,,,37,,,4,26,,47,,,,,,,,,,,,,,24.71,3.530612245,61.46153846,7,1,0
Silk Sonic - An Evening with Silk Sonic,14,Soul,14,,16,,,,50,,,,,7,,,35,,,,,,,,,30,,22,,,,,,,,24.86,3.551020408,61.5,7,1,0
Lana Del Rey - Chemtrais Over The Country Club,206,Singer-Songwriter,,,,,,3,,,,,11,,,,,47,,,43,4,,34,,38,,,,,,,,,,25.71,3.673469388,61.73076923,7,2,0
Lingua Ignota - Sinner Get Ready,78,Electronic,,32,,,,,,23,,50,,,30,,,,19,41,,39,,23,,,,,,,,,,,,32.13,4.015625,61.80769231,8,0,0
Doja Cat - Planet Her,4,Pop,4,,45,,,,31,,,,,5,,,21,,,,,29,,,,,,50,,,,,,,,26.43,3.775510204,61.92307692,7,2,0
Grouper - Shade,134,Ambient,,,,4,,,,,39,,,,,,,,16,18,,,29,,6,,,,,,,,,,,18.67,3.111111111,62,6,2,0
Faye Webster - I Know I'm Funny haha,84,Country,,38,,,,46,,39,,,42,,,,,20,32,11,,,,,,35,,,,,,,,,,32.88,4.109375,62.03846154,8,0,0
Clairo - Sling,115,Singer-Songwriter,,,32,,,,,,,39,,50,,19,,46,,,,,,,30,33,,14,,,,,,,,32.88,4.109375,62.03846154,8,0,0
Loraine James - Reflection,145,Electronic,,,,19,,,,,6,,,,,43,,,42,39,,21,,21,,,,,,,,,,,,27.29,3.897959184,62.15384615,7,1,0
Amyl & The Sniffers - Comfort to Me,97,Punk,,,3,,1,22,,,,34,,,,,,43,,,,,,,,20,,,,,,,,,,20.50,3.416666667,62.42307692,6,2,1
Moor Mother - Black Encyclopedia of the Air,246,Hip Hop,,,,,,,35,,,,,,11,,,,27,27,,,2,32,,,,,,,,,,,,22.33,3.722222222,62.84615385,6,1,0
Arooj Aftab - Vulture Prince,82,Indie,,36,,47,,,7,42,,,6,,,,,,,12,,,,,,,,,,,,,,,,25.00,4.166666667,63.46153846,6,2,0
Sam Fender - Seventeen Going Under,103,Rock,,,11,,44,,,,,,,,,,,,,,,,,3,,17,,1,,,,,,,,15.20,3.04,63.5,5,2,1
SAULT - Nine,217,Soul,,,,,,24,,32,,,5,,,,,,,,16,,,,,31,,47,,,,,,,,25.83,4.305555556,63.65384615,6,1,0
"Damon Albarn - The Nearer the Fountain, More Pure...",196,Indie,,,,,39,43,,,,30,41,,,,,,,,37,,,24,,18,,,,,,,,,,33.14,4.734693878,63.73076923,7,0,0
The Bug - Fire,215,Electronic,,,,,,21,,,1,,,,,,,,28,,,,18,19,,,,,,,,,,,,17.40,3.48,63.92307692,5,1,1
The Armed - Ultrapop,87,Indie,,42,,,,,,8,14,,,,,24,,,3,,,,,,,,,,,,,,,,,18.20,3.64,64.07692308,5,2,0
Tirzah - Colourgrade,132,,,,,2,,,,,17,41,,,,18,,,,13,,,,,,,,,,,,,,,,18.20,3.64,64.07692308,5,1,0
Dave - We're All Alone In This Together,370,Hip Hop,,,,,,,,,,,,,37,,,,,,26,,,8,7,,,18,,,,,,,,19.20,3.84,64.26923077,5,2,0
For Those I Love - For Those I Love,100,Electronic,,,7,,,,,,,13,,,,,,,,,,37,,,,34,,11,,,,,,,,20.40,4.08,64.5,5,1,0
"Courtney Barnett - Things Take Time, Take Time",275,Indie,,,,,,,,49,,17,34,,,,,,,,,10,,,,4,,,,,,,,,,22.80,4.56,64.96153846,5,2,0
Helado Negro - Far In,235,Indie,,,,,,,12,,,,,,,,,,39,46,,34,,39,,22,,,,,,,,,,32.00,5.333333333,65.07692308,6,0,0
Baby Keem - The Melodic Blue,13,Hip Hop,13,,,,,,16,,,,,11,5,,,,,,,,,,,,,,,,,,,,,11.25,2.8125,65.19230769,4,1,0
serpentwithfeet - DEACON,260,R&B,,,,,,,,14,,,,,,6,,,,,,8,,,22,,,,,,,,,,,12.50,3.125,65.38461538,4,2,0
Lana Del Rey - Blue Banisters,77,Singer-Songwriter,,31,,41,,,,,,,,,35,,,,,,,3,,,,,,17,,,,,,,,25.40,5.08,65.46153846,5,1,0
Dawn Richard - Second Line,274,R&B,,,,,,,,47,,,,,,,22,,,22,,,,5,35,,,,,,,,,,,26.20,5.24,65.61538462,5,1,0
Bicep - Isles,120,Electronic,,,38,,,,,,,14,,,,,,,,,,,,,,24,36,23,,,,,,,,27.00,5.4,65.76923077,5,0,0
Circuit Des Yeux - -io,259,Indie,,,,,,,49,,,,,,14,,,,18,,,,9,,,,48,,,,,,,,,27.60,5.52,65.88461538,5,1,0
Magdalena Bay - Mercurial World,131,Pop,,,,1,,,,,,,,,,,,35,,49,,,,20,,,34,,,,,,,,,27.80,5.56,65.92307692,5,1,1
Indigo De Souza - Any Shape You Take,113,Indie,,,30,,,,,25,,,,,,,,,,25,,,,,25,37,,,,,,,,,,28.40,5.68,66.03846154,5,0,0
Jane Weaver - Flock,189,Indie,,,,,31,39,,,,7,25,,,,,,,,,,,,,,41,,,,,,,,,28.60,5.72,66.07692308,5,1,0
Dean Blunt - Black Metal 2,135,Indie,,,,6,,,,,3,,,,42,,,,,19,,,,,,,,,,,,,,,,17.50,4.375,66.15384615,4,2,0
Space Afrika - Honest Labour,136,Electronic,,,,7,,,,,35,,,,3,,,,,,,,26,,,,,,,,,,,,,17.75,4.4375,66.19230769,4,2,0
Erika De Casier - Sensational,143,R&B,,,,16,,,,,44,,,,,40,,,,40,,18,,,,,,,,,,,,,,31.60,6.32,66.65384615,5,0,0
"SPIRIT OF THE BEEHIVE - ENTERTAINMENT, DEATH",69,Indie,,21,,,,,,9,,,,,,27,,,,28,,,,,,,,,,,,,,,,21.25,5.3125,66.73076923,4,1,0
C. Tangana - El Madrileño,233,R&B,,,,,,,5,,,,,10,,,9,,,,,,,,,,,,,,,,,,,8.00,2.666666667,67.26923077,3,3,0
illuminati hotties - Let Me Do One More,91,Indie,,46,,,,,19,,,,,,,,42,,33,35,,,,,,,,,,,,,,,,35.00,7,67.30769231,5,0,0
Ghetts - Conflict of Interest,356,Hip Hop,,,,,,,,,,,,,4,,,,,,,,,,9,,,13,,,,,,,,8.67,2.888888889,67.34615385,3,2,0
Boldy James & The Alchemist - Bo Jackson,44,Hip Hop,44,,,,,,,34,,,,,,31,45,,25,,,,,,,,,,,,,,,,,35.80,7.16,67.46153846,5,0,0
CHVRCHES - Screen Violence,385,Pop,,,,,,,,,,,,,,46,,45,,,12,,,50,,,,26,,,,,,,,35.80,7.16,67.46153846,5,0,0
Saint Etienne - I've Been Trying to Tell You,225,Indie,,,,,,38,,,,42,14,,,,,,,,14,,,,,,,,,,,,,,,27.00,6.75,67.61538462,4,0,0
Polo G - Hall of Fame,26,Hip Hop,26,,,,,,,,,,,,,9,14,,,,,,,,,,,,,,,,,,,16.33,5.444444444,68.23076923,3,1,0
aya - im hole,277,Electronic,,,,,,,,,2,,,,2,,,,,45,,,,,,,,,,,,,,,,16.33,5.444444444,68.23076923,3,2,0
JPEGMAFIA - LP!,117,Hip Hop,,,35,40,,,,,,,,,,,,,30,,,,,,19,,,,,,,,,,,31.00,7.75,68.23076923,4,0,0
Deafheaven - Infinite Granite,262,Indie,,,,,,,,27,,,,,,,,,11,,,,,12,,,,,,,,,,,,16.67,5.555555556,68.26923077,3,0,0
Laura Mvula - Pink Noise,119,Pop,,,37,,,,,,,,,,,,,,,,15,,,,42,,,32,,,,,,,,31.50,7.875,68.30769231,4,0,0
shame - Drunk Tank Pink,314,Post-Punk,,,,,,,,,,31,,,,,,19,,,,,,,,29,50,,,,,,,,,32.25,8.0625,68.42307692,4,0,0
Wednesday - Twin Plagues,144,Indie,,,,18,,,,31,,,,,,11,,,,,,,,,,,,,,,,,,,,20.00,6.666666667,68.65384615,3,0,0
Taylor Swift - Red (Taylor's Version),342,Pop,,,,,,,,,,,,25,,,,,,,,12,,,26,,,,,,,,,,,21.00,7,68.76923077,3,0,0
Spelling - The Turning Wheel,247,Indie,,,,,,,36,,,,,,,,,,9,,,19,,,,,,,,,,,,,,21.33,7.111111111,68.80769231,3,1,0
Brandi Carlile - In These Silent Days,340,Country,,,,,,,,,,,,23,,49,,,,,,,,18,,49,,,,,,,,,,34.75,8.6875,68.80769231,4,0,0
Eris Drew - Quivering In Time,240,Electronic,,,,,,,25,,22,,,,18,,,,,,,,,,,,,,,,,,,,,21.67,7.222222222,68.84615385,3,0,0
Park Hye Jin - Before I Die,306,Electronic,,,,,,,,,,20,,,39,,,,,,,,,,10,,,,,,,,,,,23.00,7.666666667,69,3,1,0
Backxwash - I Lie Here Buried With My Rings and My Dresses,53,Hip Hop,,3,,,,,,,,,,,,,,,26,,,,,41,,,,,,,,,,,,23.33,7.777777778,69.03846154,3,1,0
Hiatus Kaiyote - Mood Valiant,243,Soul,,,,,,,32,,,,,,,,,,,,10,28,,,,,,,,,,,,,,23.33,7.777777778,69.03846154,3,1,0
Cleo Sol - Mother,162,Soul,,,,38,,,26,,,,,,,,,,,,7,,,,,,,,,,,,,,,23.67,7.888888889,69.07692308,3,1,0
Iceage - Seek Shelter,127,Indie,,,47,,,,,,,,,,,45,,18,37,,,,,,,,,,,,,,,,,36.75,9.1875,69.11538462,4,0,0
Genesis Owusu - Smiling With No Teeth,276,Soul,,,,,,,,50,,,,,,,,,,,,,,29,39,,,29,,,,,,,,36.75,9.1875,69.11538462,4,0,0
Tems - If Orange Was A Place,236,Soul,,,,,,,15,,,,,42,,,17,,,,,,,,,,,,,,,,,,,24.67,8.222222222,69.19230769,3,0,0
London Grammar - Californian Soil,411,Indie,,,,,,,,,,,,,,,,31,,,22,,,,,,,21,,,,,,,,24.67,8.222222222,69.19230769,3,0,0
Willow - lately i feel EVERYTHING,43,Alternative Rock,43,,,,,,17,,,,,41,,,,,,,,,,,49,,,,,,,,,,,37.50,9.375,69.23076923,4,0,0
Kanye West - Donda,6,Hip Hop,6,,,,,,,,,,,39,,,,,,,,31,,,,,,,,,,,,,,25.33,8.444444444,69.26923077,3,1,0
Mustafa - When Smoke Rises,55,Soul,,6,,,,,,,,,,,,,30,,,,40,,,,,,,,,,,,,,,25.33,8.444444444,69.26923077,3,1,0
Young Thug - Punk,31,Hip Hop,31,,,,,,,,,,,,46,,29,,,,,,,,,,,45,,,,,,,,37.75,9.4375,69.26923077,4,0,0
Drake - Certified Lover Boy,12,Pop,12,,,,,,,,,,,18,,,48,,,,,,,,,,,,,,,,,,,26.00,8.666666667,69.34615385,3,0,0
Nala Sinephro - Space 1.8,227,Jazz,,,,,,41,,,,,,,15,,,,,24,,,,,,,,,,,,,,,,26.67,8.888888889,69.42307692,3,0,0
Bonnie Prince Billy & Matt Sweeney - Superwolves,231,Indie,,,,,,50,,,,,,,,7,,,,,,,,,,,23,,,,,,,,,26.67,8.888888889,69.42307692,3,1,0
Big Red Machine - How Long Do You Think It's Gonna Last?,402,Indie,,,,,,,,,,,,,,,,4,,,,,,,,45,,35,,,,,,,,28.00,9.333333333,69.57692308,3,1,0
Men I Trust - Untourable Album,81,Indie,,35,,17,,,,,,,,,,36,,,,,,,,,,,,,,,,,,,,29.33,9.777777778,69.73076923,3,0,0
Rochelle Jordan - Play With The Changes,94,R&B,,50,,,,,,,31,,,,,,,,,,,,,10,,,,,,,,,,,,30.33,10.11111111,69.84615385,3,1,0
Valerie June - The Moon And Stars: Prescriptions for Dreamers,324,Soul,,,,,,,,,,,24,,,,,,,,,40,,27,,,,,,,,,,,,30.33,10.11111111,69.84615385,3,0,0
girl in red - if i could make it go quiet,343,Indie,,,,,,,,,,,,26,,,,,,,,,,,29,,,36,,,,,,,,30.33,10.11111111,69.84615385,3,0,0
Richard Dawson & Circle - Henki,279,Rock,,,,,,,,,7,,10,,,,,,,,,,,,,,,,,,,,,,,8.50,4.25,69.88461538,2,2,0
JOHN - Nocturnal Manoeuvres,171,,,,,,2,,,,,,,,,,,,,,,,,,,,16,,,,,,,,,9.00,4.5,69.92307692,2,1,0
John Glacier - SHILOH: Lost For Words,355,Hip Hop,,,,,,,,,,,,,1,,,,,,,,,,17,,,,,,,,,,,9.00,4.5,69.92307692,2,1,1
Xenia Rubinos - Una Rosa,381,Indie,,,,,,,,,,,,,,33,,,,33,,,,,27,,,,,,,,,,,31.00,10.33333333,69.92307692,3,0,0
Nas - King's Disease II,32,Hip Hop,32,39,,,,,,,,,,,,,,,,,24,,,,,,,,,,,,,,,31.67,10.55555556,70,3,0,0
Playboi Carti - Whole Lotta Red,388,Hip Hop,,,,,,,,,,,,,,,11,,,9,,,,,,,,,,,,,,,,10.00,5,70,2,1,0
Remi Wolf - Juno,264,Pop,,,,,,,,30,,,,,,,,,,,,,,,31,,,34,,,,,,,,31.67,10.55555556,70,3,0,0
Gazelle Twin & NYX - Deep England,175,Electronic,,,,,12,,,,10,,,,,,,,,,,,,,,,,,,,,,,,,11.00,5.5,70.07692308,2,1,0
Porter Robinson - Nurture,269,Pop,,,,,,,,41,,,,30,,,,,,,,30,,,,,,,,,,,,,,33.67,11.22222222,70.23076923,3,0,0
Elbow - Flying Dream 1,416,Indie,,,,,,,,,,,,,,,,39,,,31,,,31,,,,,,,,,,,,33.67,11.22222222,70.23076923,3,0,0
Desperate Journalist - Maximum Sorrow!,408,Indie,,,,,,,,,,,,,,,,26,,,,,,,,,1,,,,,,,,,13.50,6.75,70.26923077,2,1,1
LUMP - Animal,202,Indie,,,,,46,,,,,43,,,,,,15,,,,,,,,,,,,,,,,,,34.67,11.55555556,70.34615385,3,0,0
The Coral - Coral Island,208,Indie,,,,,,7,,,,,22,,,,,,,,,,,,,,,,,,,,,,,14.50,7.25,70.34615385,2,1,0
John Grant - Boy From Michigan,211,Pop,,,,,,11,,,,,19,,,,,,,,,,,,,,,,,,,,,,,15.00,7.5,70.38461538,2,0,0
James Blake - Friends That Break Your Heart,33,R&B,33,,44,,,,,,,,,,,,,,,,,,,,28,,,,,,,,,,,35.00,11.66666667,70.38461538,3,0,0
Maxo Kream - WEIGHT OF THE WORLD,23,Hip Hop,23,,,,,,,,,,,,8,,,,,,,,,,,,,,,,,,,,,15.50,7.75,70.42307692,2,1,0
Injury Reserve - By the Time I Get To Phoenix,238,Hip Hop,,,,,,,20,,,,,,,,,,,,,,,11,,,,,,,,,,,,15.50,7.75,70.42307692,2,0,0
Paul Weller - Fat Pop (Volume 1),207,Rock,,,,,,6,,,,,26,,,,,,,,,,,,,,,,,,,,,,,16.00,8,70.46153846,2,1,0
Tomaga - Intimate Immensity,284,Indie,,,,,,,,,16,,,,,,,,,,,,16,,,,,,,,,,,,,16.00,8,70.46153846,2,0,0
Karima Walker - Waking The Dreaming Body,138,Ambient,,,,10,,,,,,,,,,,,,,,,,,,,,22,,,,,,,,,16.00,8,70.46153846,2,1,0
Dorothea Paas - Anything Can't Happen,72,Indie,,24,,9,,,,,,,,,,,,,,,,,,,,,,,,,,,,,,16.50,8.25,70.5,2,1,0
Villagers - Fever Dreams,210,Indie,,,,,,10,,,,,,,,,,23,,,,,,,,,,,,,,,,,,16.50,8.25,70.5,2,1,0
Pink Siifu - GUMBO'!,258,Hip Hop,,,,,,,48,48,,,,,12,,,,,,,,,,,,,,,,,,,,,36.00,12,70.5,3,0,0
J. Cole - The Off-Season,2,Hip Hop,2,,,,,,,,,,,32,,,,,,,,,,,,,,,,,,,,,,17.00,8.5,70.53846154,2,1,0
Drug Store Romeos - The world within our bedrooms,109,Indie,,,22,,,,,,,,,,,,,,,,,,,,,,12,,,,,,,,,17.00,8.5,70.53846154,2,0,0
KA - A Martyr's Reward,40,Hip Hop,40,,,,,,,,,,,,,22,,,,48,,,,,,,,,,,,,,,,36.67,12.22222222,70.57692308,3,0,0
Fiddlehead - Between The Richness,261,Indie,,,,,,,,15,,,,,,20,,,,,,,,,,,,,,,,,,,,17.50,8.75,70.57692308,2,0,0
Anna B Savage - A Common Turn,407,Singer-Songwriter,,,,,,,,,,,,,,,,25,,,,,,,,,10,,,,,,,,,17.50,8.75,70.57692308,2,1,0
slowthai - TYRON,39,Hip Hop,39,,,,,,,,,,,,,,,,,,,,,,,40,,31,,,,,,,,36.67,12.22222222,70.57692308,3,0,0
Skee Mask - Pool,159,Electronic,,,,36,,,,,37,,,,,,,,38,,,,,,,,,,,,,,,,,37.00,12.33333333,70.61538462,3,0,0
Yebba - Dawn,27,Soul,27,,,,,,43,,,,,,,,,,,,42,,,,,,,,,,,,,,,37.33,12.44444444,70.65384615,3,0,0
Yola - Stand For Myself,221,Soul,,,,,,30,,,,,,,,,38,,,,,,,44,,,,,,,,,,,,37.33,12.44444444,70.65384615,3,0,0
Claire Rousey - A Softer Focus,358,Ambient,,,,,,,,,,,,,7,,,,,30,,,,,,,,,,,,,,,,18.50,9.25,70.65384615,2,1,0
Isaiah Rashad - The House is Burning,17,Hip Hop,17,,,,,,,,,,,21,,,,,,,,,,,,,,,,,,,,,,19.00,9.5,70.69230769,2,0,0
Indigo Sparke - echo,156,Folk,,,,31,,,,,,,,,,,,8,,,,,,,,,,,,,,,,,,19.50,9.75,70.73076923,2,1,0
Robert Plant & Alison Krauss - Raise The Roof,209,Folk,,,,,,9,,,,,31,,,,,,,,,,,,,,,,,,,,,,,20.00,10,70.76923077,2,1,0
Rauw Alejandro - VICE VERSA,348,Pop,,,,,,,,,,,,37,,,3,,,,,,,,,,,,,,,,,,,20.00,10,70.76923077,2,1,0
The Stranglers - Dark Matters,173,Rock,,,,,6,35,,,,,,,,,,,,,,,,,,,,,,,,,,,,20.50,10.25,70.80769231,2,1,0
Allison Russell - Outside Child,232,Folk,,,,,,,4,,,,,,,,,,,,,,,,,,37,,,,,,,,,20.50,10.25,70.80769231,2,1,0
The Hold Steady - Open Door Policy,327,Indie,,,,,,,,,,,32,,,,,,,,,,,,,,9,,,,,,,,,20.50,10.25,70.80769231,2,1,0
Jana Rush - Painful Enlightenment,368,Electronic,,,,,,,,,,,,,34,,,,,,,,8,,,,,,,,,,,,,21.00,10.5,70.84615385,2,1,0
Jungle - Loving In Stereo,229,Soul,,,,,,45,,,,29,,,,,,,,,,,,,,43,,,,,,,,,,39.00,13,70.84615385,3,0,0
The Anchoress - The Art of Losing,504,Rock,,,,,,,,,,,,,,,,,,,,,,,36,,6,,,,,,,,,21.00,10.5,70.84615385,2,1,0
Sun June - Somewhere,149,Indie,,,,23,,,,,,,,,,,,,,,,,,,20,,,,,,,,,,,21.50,10.75,70.88461538,2,0,0
King Gizzard and the Lizard Wizard - L.W.,176,Indie,,,,,13,31,,,,,,,,,,,,,,,,,,,,,,,,,,,,22.00,11,70.92307692,2,0,0
James Brandon Lewis - Jesup Wagon,244,Jazz,,,,,,,33,,,,,,,,,,,,,,13,,,,,,,,,,,,,23.00,11.5,71,2,0,0
Lorde - Solar Power,75,Pop,,29,,,,,,,,,,,,,,,,,,,,,,,,19,,,,,,,,24.00,12,71.07692308,2,0,0
Parquet Courts - Sympathy For Life,125,Post-Punk,,,43,,,,,,,,,,,,,,,,,,,,,5,,,,,,,,,,24.00,12,71.07692308,2,1,0
Godspeed You! Black Emperor - G_d's Pee AT STATE'S END!,300,Indie,,,,,,,,,43,32,,,,,,,,,,,,49,,,,,,,,,,,,41.33,13.77777778,71.11538462,3,0,0
Yasmin Williams - Urban Driftwood,251,Folk,,,,,,,40,,,,,,,,,,,50,,,,35,,,,,,,,,,,,41.67,13.88888889,71.15384615,3,0,0
Lady Blackbird - Black Acid Soul,315,Jazz,,,,,,,,,,33,,,,,,,,,18,,,,,,,,,,,,,,,25.50,12.75,71.19230769,2,0,0
Don Toliver - Life of a DON,9,Hip Hop,9,,,,,,,,,,,43,,,,,,,,,,,,,,,,,,,,,,26.00,13,71.23076923,2,1,0
Lost Girls - Menneskekollektivet,458,Indie,,,,,,,,,,,,,,,,,,36,,16,,,,,,,,,,,,,,26.00,13,71.23076923,2,0,0
Teenage Fanclub,216,Indie,,,,,,23,,,,,30,,,,,,,,,,,,,,,,,,,,,,,26.50,13.25,71.26923077,2,0,0
Tori Amos - Ocean To Ocean,491,Rock,,,,,,,,,,,,,,,,,,,8,,,,,,45,,,,,,,,,26.50,13.25,71.26923077,2,1,0
Greentea Peng - MAN MADE,180,Soul,,,,,20,34,,,,,,,,,,,,,,,,,,,,,,,,,,,,27.00,13.5,71.30769231,2,0,0
Le Ren - Leftovers,79,Folk,,33,,,,,,,,,,,,,,22,,,,,,,,,,,,,,,,,,27.50,13.75,71.34615385,2,0,0
Rosie Lowe & Duval Timothy - Son,151,,,,,25,,,,,,,,,,,,,,,30,,,,,,,,,,,,,,,27.50,13.75,71.34615385,2,0,0
MIKE - Disco!,250,Hip Hop,,,,,,,39,,,,,,,,,,,16,,,,,,,,,,,,,,,,27.50,13.75,71.34615385,2,0,0
Koreless - Agor,308,Electronic,,,,,,,,,,23,,,32,,,,,,,,,,,,,,,,,,,,,27.50,13.75,71.34615385,2,0,0
The Killers - Pressure Machine,488,Rock,,,,,,,,,,,,,,,,,,,,25,,,,,,30,,,,,,,,27.50,13.75,71.34615385,2,0,0
Justin Bieber - Justice,20,Pop,20,,,,,,,,,,,36,,,,,,,,,,,,,,,,,,,,,,28.00,14,71.38461538,2,0,0
Portrayal Of Guilt - We Are Always Alone,383,Punk,,,,,,,,,,,,,,42,,,14,,,,,,,,,,,,,,,,,28.00,14,71.38461538,2,0,0
Chris Corsano & Bill Orcutt - Made Out Of Sound,384,Experimental,,,,,,,,,,,,,,44,,,,,,,14,,,,,,,,,,,,,29.00,14.5,71.46153846,2,0,0
Carly Pearce - 29: Written In Stone,347,,,,,,,,,,,,,35,,,25,,,,,,,,,,,,,,,,,,,30.00,15,71.53846154,2,0,0
Ada Lea - one hand on the steering wheel...,148,Singer-Songwriter,,,,22,,,,,,,,,,41,,,,,,,,,,,,,,,,,,,,31.50,15.75,71.65384615,2,0,0
Mickey Guyton - Remember Her Name,239,Country,,,,,,,23,,,,,,,,41,,,,,,,,,,,,,,,,,,,32.00,16,71.69230769,2,0,0
Easy Life - Life's A Beach,409,Indie,,,,,,,,,,,,,,,,27,,,,,,,,,,39,,,,,,,,33.00,16.5,71.76923077,2,0,0
Nation of Language - A Way Forward,124,Pop,,,42,,,,,,,,,,,25,,,,,,,,,,,,,,,,,,,,33.50,16.75,71.80769231,2,0,0
David Crosby - For Free,214,Singer-Songwriter,,,,,,19,,,,,48,,,,,,,,,,,,,,,,,,,,,,,33.50,16.75,71.80769231,2,0,0
Mon Laferte - SEIS,249,Pop,,,,,,,38,,,,,33,,,,,,,,,,,,,,,,,,,,,,35.50,17.75,71.96153846,2,0,0
Joy Orbison - still slipping vol. 1,290,Electronic,,,,,,,,,26,45,,,,,,,,,,,,,,,,,,,,,,,,35.50,17.75,71.96153846,2,0,0
RP Boo - Established!,480,Electronic,,,,,,,,,,,,,,,,,,37,,,34,,,,,,,,,,,,,35.50,17.75,71.96153846,2,0,0
Israel Nash - Topaz,335,Singer-Songwriter,,,,,,,,,,,46,,,,,,,,,,,,,,25,,,,,,,,,35.50,17.75,71.96153846,2,0,0
Ben Lamar Gay - Open Arms to Open Us,288,Electronic,,,,,,,,,24,,,,,,,,,,,,49,,,,,,,,,,,,,36.50,18.25,72.03846154,2,0,0
Sufjan Stevens & Angelo De Augustine - A Beginner's Mind,320,Indie,,,,,,,,,,47,,,,,,,,,,26,,,,,,,,,,,,,,36.50,18.25,72.03846154,2,0,0
Pauline Anna Strom - Angel Tears in Sunlight,369,Ambient,,,,,,,,,,,,,36,,,,,,,,37,,,,,,,,,,,,,36.50,18.25,72.03846154,2,0,0
Royal Blood - Typhoons,128,Electronic,,,48,,,,,,,,,,,,,,,,,,,,,,,25,,,,,,,,36.50,18.25,72.03846154,2,0,0
Public Service Broadcasting - Bright Magic,230,Electronic,,,,,,49,,,,,,,,,,,,,,,,25,,,,,,,,,,,,37.00,18.5,72.07692308,2,0,0
Amythyst Kiah - Wary + Strange,248,Rock,,,,,,,37,,,,,,,,,,,,,,,37,,,,,,,,,,,,37.00,18.5,72.07692308,2,0,0
Ashnikko - DEMIDEVIL,130,Pop,,,50,,,,,,,,,,,,,,,,,,,,24,,,,,,,,,,,37.00,18.5,72.07692308,2,0,0
Joy Crookes - Skin,503,Soul,,,,,,,,,,,,,,,,,,,,,,,33,,,41,,,,,,,,37.00,18.5,72.07692308,2,0,0
King Woman - Celestial Blues,454,Metal,,,,,,,,,,,,,,,,,44,,,,,,,,31,,,,,,,,,37.50,18.75,72.11538462,2,0,0
Wiki - Half God,272,Hip Hop,,,,,,,,45,,,,,,,,,,31,,,,,,,,,,,,,,,,38.00,19,72.15384615,2,0,0
James McMurty - The Horses and the Hounds,400,Rock,,,,,,,,,,,,,,,49,,,,,27,,,,,,,,,,,,,,38.00,19,72.15384615,2,0,0
Lindsey Buckingham - Lindsey Buckingham,219,Rock,,,,,,27,,,,,50,,,,,,,,,,,,,,,,,,,,,,,38.50,19.25,72.19230769,2,0,0
Nitin Sawhney - Immigrants,469,Electronic,,,,,,,,,,,,,,,,,,,2,,,,,,,,,,,,,,,2.00,2,72.19230769,1,1,0
Geese - Projector,263,Indie,,,,,,,,29,,,,,,,,,,,,,,,,48,,,,,,,,,,38.50,19.25,72.19230769,2,0,0
HTRK - Rhinestones,133,Pop,,,,3,,,,,,,,,,,,,,,,,,,,,,,,,,,,,,3.00,3,72.23076923,1,1,0
Noga Erez - Kids,401,Pop,,,,,,,,,,,,,,,,3,,,,,,,,,,,,,,,,,,3.00,3,72.23076923,1,1,0
MARINA - Ancient Dreams in a Modern Land,462,Pop,,,,,,,,,,,,,,,,,,,28,50,,,,,,,,,,,,,,39.00,19.5,72.23076923,2,0,0
James - All The Colours Of You,192,Indie,,,,,35,,,,,,,,,,,,,,,,,,,,43,,,,,,,,,39.00,19.5,72.23076923,2,0,0
The Courettes - Back in Mono,172,,,,,,4,,,,,,,,,,,,,,,,,,,,,,,,,,,,,4.00,4,72.26923077,1,1,0
Foo Fighters - Medicine,396,Rock,,,,,,,,,,,,,,,40,,,,39,,,,,,,,,,,,,,,39.50,19.75,72.26923077,2,0,0
Cadence Weapon - Parallel World,54,Hip Hop,,5,,,,,,,,,,,,,,,,,,,,,,,,,,,,,,,,5.00,5,72.30769231,1,1,0
William Doyle - Great Spans of Muddy Time,278,Indie,,,,,,,,,5,,,,,,,,,,,,,,,,,,,,,,,,,5.00,5,72.30769231,1,1,0
Rhiannon Giddens w/ Francesco Turrisi - They're Calling Me Home,333,Folk,,,,,,,,,,,44,,,,,,,,,,,36,,,,,,,,,,,,40.00,20,72.30769231,2,0,0
Daniel Bachman - Axacan,435,Folk,,,,,,,,,,,,,,,,,,,,,5,,,,,,,,,,,,,5.00,5,72.30769231,1,1,0
Garbage - No Gods No Masters,444,Alternative Rock,,,,,,,,,,,,,,,,,,,5,,,,,,,,,,,,,,,5.00,5,72.30769231,1,1,0
W.H. Lung - Vanities,530,Indie,,,,,,,,,,,,,,,,,,,,,,,,,5,,,,,,,,,5.00,5,72.30769231,1,1,0
McKinley Dixon - For My Mama and Anyone Who Look Like Her,99,Hip Hop,,,6,,,,,,,,,,,,,,,,,,,,,,,,,,,,,,,6.00,6,72.34615385,1,1,0
Banoffee - Teartracks,357,,,,,,,,,,,,,,6,,,,,,,,,,,,,,,,,,,,,6.00,6,72.34615385,1,1,0
Apartment House - Number Pieces,428,Classical,,,,,,,,,,,,,,,,,,,,,6,,,,,,,,,,,,,6.00,6,72.34615385,1,1,0
"Hamid Drake, Elaine Mitchener, William Parker... - Some Good News",446,Jazz,,,,,,,,,,,,,,,,,,,,,7,,,,,,,,,,,,,7.00,7,72.38461538,1,1,0
Wet - Letter Blue,137,,,,,8,,,,,,,,,,,,,,,,,,,,,,,,,,,,,,8.00,8,72.42307692,1,1,0
Scotch Rolex - TEWARI,280,Electronic,,,,,,,,,8,,,,,,,,,,,,,,,,,,,,,,,,,8.00,8,72.42307692,1,1,0
Navy Blue - Navy's Reprise,167,Hip Hop,,,,46,,,,,,,,,,,,,,38,,,,,,,,,,,,,,,,42.00,21,72.46153846,2,0,0
Cold Water Swimmers - Holiday at the Secret Lake,174,,,,,,9,,,,,,,,,,,,,,,,,,,,,,,,,,,,,9.00,9,72.46153846,1,1,0
Pom Pom Squad - Death of a Cheerleader,271,Indie,,,,,,,,44,,,,,,,,,,,,,,,40,,,,,,,,,,,42.00,21,72.46153846,2,0,0
TOMORROW X TOGETHER - The Chaos Chapter...,398,,,,,,,,,,,,,,,,46,,,,,,,,,,,38,,,,,,,,42.00,21,72.46153846,2,0,0
Shelley FKA DRAM - Shelley FKA DRAM,10,Soul,10,,,,,,,,,,,,,,,,,,,,,,,,,,,,,,,,,10.00,10,72.5,1,1,0
Spiritbox - Eternal Blue,58,Metal,,10,,,,,,,,,,,,,,,,,,,,,,,,,,,,,,,,10.00,10,72.5,1,1,0
Du Blonde - Homecoming,102,Indie,,,10,,,,,,,,,,,,,,,,,,,,,,,,,,,,,,,10.00,10,72.5,1,1,0
Wild Up & Christopher Rountree - Julius Eastman Vol. 1,234,Classical,,,,,,,10,,,,,,,,,,,,,,,,,,,,,,,,,,,10.00,10,72.5,1,1,0
Phew - New Decade,475,Electronic,,,,,,,,,,,,,,,,,,,,,10,,,,,,,,,,,,,10.00,10,72.5,1,1,0
Benny The Butcher & Harry Fraud - The Plugs I Met 2,11,Hip Hop,11,,,,,,,,,,,,,,,,,,,,,,,,,,,,,,,,,11.00,11,72.53846154,1,0,0
Leanne Betasamosake Simpson - Theory of Ice,59,Spoken Word,,11,,,,,,,,,,,,,,,,,,,,,,,,,,,,,,,,11.00,11,72.53846154,1,0,0
Enumclaw - Jimbo Demo,139,Indie,,,,11,,,,,,,,,,,,,,,,,,,,,,,,,,,,,,11.00,11,72.53846154,1,0,0
Hand Habits - Fun House,163,Singer-Songwriter,,,,42,,,,,,,,,,,,,,44,,,,,,,,,,,,,,,,43.00,21.5,72.53846154,2,0,0
Durand Jones & The Indications,228,Soul,,,,,,42,,,,44,,,,,,,,,,,,,,,,,,,,,,,,43.00,21.5,72.53846154,2,0,0
Tanz Mein Herz - Quattro,281,Folk,,,,,,,,,11,,,,,,,,,,,,,,,,,,,,,,,,,11.00,11,72.53846154,1,0,0
Suzanne Santo - Yard Sale,485,,,,,,,,,,,,,,,,,,,,,11,,,,,,,,,,,,,,11.00,11,72.53846154,1,0,0
Emma-Jean Thackray - Yellow,104,Jazz,,,12,,,,,,,,,,,,,,,,,,,,,,,,,,,,,,,12.00,12,72.57692308,1,0,0
Doss - 4 New Hit Songs,140,Electronic,,,,12,,,,,,,,,,,,,,,,,,,,,,,,,,,,,,12.00,12,72.57692308,1,0,0
Liars - The Apple Drop,282,Indie,,,,,,,,,12,,,,,,,,,,,,,,,,,,,,,,,,,12.00,12,72.57692308,1,0,0
Bo Burnham - Inside (The Songs),338,Comedy,,,,,,,,,,,,12,,,,,,,,,,,,,,,,,,,,,,12.00,12,72.57692308,1,0,0
The Antlers - Green To Gold,403,Indie,,,,,,,,,,,,,,,,12,,,,,,,,,,,,,,,,,,12.00,12,72.57692308,1,0,0
Angel Bat Dawid - Hush Harbor Mixtape Vol. 1,426,Jazz,,,,,,,,,,,,,,,,,,,,,12,,,,,,,,,,,,,12.00,12,72.57692308,1,0,0
Charlie Adams - Bullseye,105,Pop,,,13,,,,,,,,,,,,,,,,,,,,,,,,,,,,,,,13.00,13,72.61538462,1,0,0
Jessy Lanza - DJ-Kicks,141,Electronic,,,,13,,,,,,,,,,,,,,,,,,,,,,,,,,,,,,13.00,13,72.61538462,1,0,0
Divide and Dissolve - Gas Lit,283,Metal,,,,,,,,,13,,,,,,,,,,,,,,,,,,,,,,,,,13.00,13,72.61538462,1,0,0
Myke Towers - LYKE MIKE,351,Hip Hop,,,,,,,,,,,,45,,,43,,,,,,,,,,,,,,,,,,,44.00,22,72.61538462,2,0,0
Kelman Duran - Night in Tijuana,359,Pop,,,,,,,,,,,,,13,,,,,,,,,,,,,,,,,,,,,13.00,13,72.61538462,1,0,0
Morgan Wade - Reckless,389,Country,,,,,,,,,,,,,,,13,,,,,,,,,,,,,,,,,,,13.00,13,72.61538462,1,0,0
THALA - Adolescence,404,,,,,,,,,,,,,,,,,13,,,,,,,,,,,,,,,,,,13.00,13,72.61538462,1,0,0
Duran Duran - FUTURE PAST,440,Pop,,,,,,,,,,,,,,,,,,,13,,,,,,,,,,,,,,,13.00,13,72.61538462,1,0,0
Mr Twin Sister - Al Mundo Azul,142,Indie,,,,14,,,,,,,,,,,,,,,,,,,,,,,,,,,,,,14.00,14,72.65384615,1,0,0
We Are Scientists - Huffy,531,,,,,,,,,,,,,,,,,,,,,,,,,,14,,,,,,,,,14.00,14,72.65384615,1,0,0
Carol Hodge - The Crippling Space Between,177,,,,,,15,,,,,,,,,,,,,,,,,,,,,,,,,,,,,15.00,15,72.69230769,1,0,0
Les Filles de Illighadad - At Pioneer Works,455,,,,,,,,,,,,,,,,,,,,,,15,,,,,,,,,,,,,15.00,15,72.69230769,1,0,0
Hannah Peel - Fir Wave,514,Electronic,,,,,,,,,,,,,,,,,,,,,,,,,15,,,,,,,,,15.00,15,72.69230769,1,0,0
Moneybagg Yo - A Gangsta's Pain,16,Hip Hop,16,,,,,,,,,,,,,,,,,,,,,,,,,,,,,,,,,16.00,16,72.73076923,1,0,0
DijahSB - Head Above The Waters,64,,,16,,,,,,,,,,,,,,,,,,,,,,,,,,,,,,,,16.00,16,72.73076923,1,0,0
Hello Cosmos - Golden Dirt,178,,,,,,16,,,,,,,,,,,,,,,,,,,,,,,,,,,,,16.00,16,72.73076923,1,0,0
Manic Street Preachers - The Ultra Vivid Lament,213,Rock,,,,,,16,,,,,,,,,,,,,,,,,,,,,,,,,,,,16.00,16,72.73076923,1,0,0
Lucy Kruger & The Lost Boys - Transit Tapes,405,,,,,,,,,,,,,,,,,16,,,,,,,,,,,,,,,,,,16.00,16,72.73076923,1,0,0
Anthony Braxton - 12 Comp (ZIM) 2017,427,Jazz,,,,,,,,,,,,,,,,,,,,,17,,,,,,,,,,,,,17.00,17,72.76923077,1,0,0
TORRES - Thirstier,492,Indie,,,,,,,,,,,,,,,,,,,,17,,,,,,,,,,,,,,17.00,17,72.76923077,1,0,0
"Pepe Deluxé - Phantom Cabinet, Vol. 1",499,Pop,,,,,,,,,,,,,,,,,,,,,,17,,,,,,,,,,,,17.00,17,72.76923077,1,0,0
Kiwi Jr. - Cooler Returns,517,Indie,,,,,,,,,,,,,,,,,,,,,,,,,17,,,,,,,,,17.00,17,72.76923077,1,0,0
Westside Gunn - Hitler Wears Hermes 8: Sincerely Adolf,18,Hip Hop,18,,,,,,,,,,,,,,,,,,,,,,,,,,,,,,,,,18.00,18,72.80769231,1,0,0
Hiss Golden Messenger - Quietly Blowing It,322,Folk,,,,,,,,,,,18,,,,,,,,,,,,,,,,,,,,,,,18.00,18,72.80769231,1,0,0
The Felice Brothers - From Dreams To Dust,525,Folk,,,,,,,,,,,,,,,,,,,,,,,,,18,,,,,,,,,18.00,18,72.80769231,1,0,0
BADBADNOTGOOD - Talk Memory,67,Jazz,,19,,,,,,,,,,,,,,,,,,,,,,,,,,,,,,,,19.00,19,72.84615385,1,0,0
CHIHUAHUA - Violent Architecture,179,Indie,,,,,19,,,,,,,,,,,,,,,,,,,,,,,,,,,,,19.00,19,72.84615385,1,0,0
Ran Cap Duoi - Ngu Ngay Ngay Ngay Tan The,285,Electronic,,,,,,,,,19,,,,,,,,,,,,,,,,,,,,,,,,,19.00,19,72.84615385,1,0,0
Liz Phair - Soberish,457,Rock,,,,,,,,,,,,,,,,,,,19,,,,,,,,,,,,,,,19.00,19,72.84615385,1,0,0
Surfbort - Keep On Truckin',108,,,,20,,,,,,,,,,,,,,,,,,,,,,,,,,,,,,,20.00,20,72.88461538,1,0,0
Small Black - Cheap Dreams,146,Electronic,,,,20,,,,,,,,,,,,,,,,,,,,,,,,,,,,,,20.00,20,72.88461538,1,0,0
Modern Nature - Island of Noise,323,Indie,,,,,,,,,,,20,,,,,,,,,,,,,,,,,,,,,,,20.00,20,72.88461538,1,0,0
Leon Bridges - Gold-Diggers Sound,390,R&B,,,,,,,,,,,,,,,20,,,,,,,,,,,,,,,,,,,20.00,20,72.88461538,1,0,0
Maggie Nicols - Creative Contradiction,460,,,,,,,,,,,,,,,,,,,,,,20,,,,,,,,,,,,,20.00,20,72.88461538,1,0,0
Morcheeba - Blackest Blue,465,Electronic,,,,,,,,,,,,,,,,,,,20,,,,,,,,,,,,,,,20.00,20,72.88461538,1,0,0
Pino Palladino & Blake Mills - Notes With Attachments,476,Jazz,,,,,,,,,,,,,,,,,20,,,,,,,,,,,,,,,,,20.00,20,72.88461538,1,0,0
Lael Neale - Acquainted with Night,518,Singer-Songwriter,,,,,,,,,,,,,,,,,,,,,,,,,20,,,,,,,,,20.00,20,72.88461538,1,0,0
Snoh Aalegra - Temporary HIghs in the Violet Skies,21,Soul,21,,,,,,,,,,,,,,,,,,,,,,,,,,,,,,,,,21.00,21,72.92307692,1,0,0
Hildegard - Hildegard,147,Electronic,,,,21,,,,,,,,,,,,,,,,,,,,,,,,,,,,,,21.00,21,72.92307692,1,0,0
Rats on Rafts - Excerpts from Chapter 3,181,Post-Punk,,,,,21,,,,,,,,,,,,,,,,,,,,,,,,,,,,,21.00,21,72.92307692,1,0,0
Eimar Reidy & Natalia Beylis - Whose Woods These Are,286,,,,,,,,,,21,,,,,,,,,,,,,,,,,,,,,,,,,21.00,21,72.92307692,1,0,0
"Leon Vynehall - Rare, Forever",307,Electronic,,,,,,,,,,21,,,,,,,,,,,,,,,,,,,,,,,,21.00,21,72.92307692,1,0,0
Tomu DJ - FEMINISTA,360,Electronic,,,,,,,,,,,,,21,,,,,,,,,,,,,,,,,,,,,21.00,21,72.92307692,1,0,0
Water From Your Eyes - Structure,378,Indie,,,,,,,,,,,,,,21,,,,,,,,,,,,,,,,,,,,21.00,21,72.92307692,1,0,0
BBC Scottish Symphony Orchestra - Minds In Flux,430,Classical,,,,,,,,,,,,,,,,,,,,,21,,,,,,,,,,,,,21.00,21,72.92307692,1,0,0
Juliana Hatfield - Blood,451,Indie,,,,,,,,,,,,,,,,,,,21,,,,,,,,,,,,,,,21.00,21,72.92307692,1,0,0
The Body & BIG | BRAVE - Leaving None But Small Birds,487,Indie,,,,,,,,,,,,,,,,,21,,,,,,,,,,,,,,,,,21.00,21,72.92307692,1,0,0
Idiac - Part Idiot,516,,,,,,,,,,,,,,,,,,,,,,,,,,21,,,,,,,,,21.00,21,72.92307692,1,0,0
The Mudd Club - Bottle Blonde,182,,,,,,22,,,,,,,,,,,,,,,,,,,,,,,,,,,,,22.00,22,72.96153846,1,0,0
Giveon - When It's All Said And Done...Take Time,339,R&B,,,,,,,,,,,,22,,,,,,,,,,,,,,,,,,,,,,22.00,22,72.96153846,1,0,0
Kedr Livanskiy - Liminal,361,Electronic,,,,,,,,,,,,,22,,,,,,,,,,,,,,,,,,,,,22.00,22,72.96153846,1,0,0
Muqata'a - Kamil manqus,466,,,,,,,,,,,,,,,,,,,,,,22,,,,,,,,,,,,,22.00,22,72.96153846,1,0,0
Charlotte Day Wilson - Alpha,71,Soul,,23,,,,,,,,,,,,,,,,,,,,,,,,,,,,,,,,23.00,23,73,1,0,0
Audiobooks - Astro Tough,287,Indie,,,,,,,,,23,,,,,,,,,,,,,,,,,,,,,,,,,23.00,23,73,1,0,0
M1llionz - Provisional Licence,362,Hip Hop,,,,,,,,,,,,,23,,,,,,,,,,,,,,,,,,,,,23.00,23,73,1,0,0
Cimafunk - El Alimento,391,,,,,,,,,,,,,,,,23,,,,,,,,,,,,,,,,,,,23.00,23,73,1,0,0
Alpha Maid - CHUCKLE,425,,,,,,,,,,,,,,,,,,,,,,23,,,,,,,,,,,,,23.00,23,73,1,0,0
IDK - USEE4YOURSELF,24,Hip Hop,24,,,,,,,,,,,,,,,,,,,,,,,,,,,,,,,,,24.00,24,73.03846154,1,0,0
Nana Yamato - Before Sunrise,150,Pop,,,,24,,,,,,,,,,,,,,,,,,,,,,,,,,,,,,24.00,24,73.03846154,1,0,0
Alfa Mist - Bring Backs,309,Jazz,,,,,,,,,,24,,,,,,,,,,,,,,,,,,,,,,,,24.00,24,73.03846154,1,0,0
Karol G - KG0516,341,Reggae,,,,,,,,,,,,24,,,,,,,,,,,,,,,,,,,,,,24.00,24,73.03846154,1,0,0
Kings of Convenience - Peace Or Love,406,Folk,,,,,,,,,,,,,,,,24,,,,,,,,,,,,,,,,,,24.00,24,73.03846154,1,0,0
Celeste - Not Your Muse,420,Soul,,,,,,,,,,,,,,,,49,,,50,,,,,,,,,,,,,,,49.50,24.75,73.03846154,2,0,0
William Parker - Migration of Silence Into and Out of the Tone World,496,Jazz,,,,,,,,,,,,,,,,,,,,,24,,,,,,,,,,,,,24.00,24,73.03846154,1,0,0
Siobhan Wilson - Survivre,523,,,,,,,,,,,,,,,,,,,,,,,,,,24,,,,,,,,,24.00,24,73.03846154,1,0,0
Wale - Folarin II,25,Pop,25,,,,,,,,,,,,,,,,,,,,,,,,,,,,,,,,,25.00,25,73.07692308,1,0,0
The Black Keys - Delta Kream,218,Rock,,,,,,25,,,,,,,,,,,,,,,,,,,,,,,,,,,,25.00,25,73.07692308,1,0,0
Microcorps - XMIT,289,Electronic,,,,,,,,,25,,,,,,,,,,,,,,,,,,,,,,,,,25.00,25,73.07692308,1,0,0
Vanishing Twin - Ookii Gekkou,310,Indie,,,,,,,,,,25,,,,,,,,,,,,,,,,,,,,,,,,25.00,25,73.07692308,1,0,0
Arushi Jain - Under the Lilac Sky,363,Ambient,,,,,,,,,,,,,25,,,,,,,,,,,,,,,,,,,,,25.00,25,73.07692308,1,0,0
Aaron Dilloway & Lucrecia Dalt - Lucy & Aaron,422,Experimental,,,,,,,,,,,,,,,,,,,,,25,,,,,,,,,,,,,25.00,25,73.07692308,1,0,0
Black Coffee - Subconsciously,431,Electronic,,,,,,,,,,,,,,,,,,,25,,,,,,,,,,,,,,,25.00,25,73.07692308,1,0,0
DJ Sabrina The Teenage DJ - The Makin' Magick II Album,152,Electronic,,,,26,,,,,,,,,,,,,,,,,,,,,,,,,,,,,,26.00,26,73.11538462,1,0,0
Matt Berry - The Blue Elephant,183,Indie,,,,,26,,,,,,,,,,,,,,,,,,,,,,,,,,,,,26.00,26,73.11538462,1,0,0
Mad Daddy - Mad Daddy,184,Punk,,,,,26,,,,,,,,,,,,,,,,,,,,,,,,,,,,,26.00,26,73.11538462,1,0,0
Viagra Boys - Welfare Jazz,311,Post-Punk,,,,,,,,,,26,,,,,,,,,,,,,,,,,,,,,,,,26.00,26,73.11538462,1,0,0
Don Zilla - Ekizikiza Mubwengula,364,Electronic,,,,,,,,,,,,,26,,,,,,,,,,,,,,,,,,,,,26.00,26,73.11538462,1,0,0
Tommy Genesis - goldilocks x,111,Pop,,,27,,,,,,,,,,,,,,,,,,,,,,,,,,,,,,,27.00,27,73.15384615,1,0,0
Private Function - Whose Line Is It Anyway,185,,,,,,27,,,,,,,,,,,,,,,,,,,,,,,,,,,,,27.00,27,73.15384615,1,0,0
Toumani Diabaté & the LSO - Kôrôlén,241,Classical,,,,,,,27,,,,,,,,,,,,,,,,,,,,,,,,,,,27.00,27,73.15384615,1,0,0
Snapped Ankles - Forest of Your Problems,312,Indie,,,,,,,,,,27,,,,,,,,,,,,,,,,,,,,,,,,27.00,27,73.15384615,1,0,0
Clarissa Connelly - The Voyager,432,Indie,,,,,,,,,,,,,,,,,,,,,27,,,,,,,,,,,,,27.00,27,73.15384615,1,0,0
Róisín Murphy - Crooked Machine,479,Electronic,,,,,,,,,,,,,,,,,,,27,,,,,,,,,,,,,,,27.00,27,73.15384615,1,0,0
LoneLady - Former Things,519,Pop,,,,,,,,,,,,,,,,,,,,,,,,,27,,,,,,,,,27.00,27,73.15384615,1,0,0
The Vaccines - Back In Love City,112,Indie,,,28,,,,,,,,,,,,,,,,,,,,,,,,,,,,,,,28.00,28,73.19230769,1,0,0
Buzzy Lee - Spoiled Love,154,Indie,,,,28,,,,,,,,,,,,,,,,,,,,,,,,,,,,,,28.00,28,73.19230769,1,0,0
Stephen Fretwell - Busy Guy,186,Singer-Songwriter,,,,,28,,,,,,,,,,,,,,,,,,,,,,,,,,,,,28.00,28,73.19230769,1,0,0
The Transcendence Orchestra - All Skies Have Sounded,291,,,,,,,,,,28,,,,,,,,,,,,,,,,,,,,,,,,,28.00,28,73.19230769,1,0,0
Pip Blom - Welcome Break,313,,,,,,,,,,,28,,,,,,,,,,,,,,,,,,,,,,,,28.00,28,73.19230769,1,0,0
Ryley Walker - Course In Fable,325,Indie,,,,,,,,,,,28,,,,,,,,,,,,,,,,,,,,,,,28.00,28,73.19230769,1,0,0
Lucky Daye - Table For Two,344,R&B,,,,,,,,,,,,28,,,,,,,,,,,,,,,,,,,,,,28.00,28,73.19230769,1,0,0
Shaybo - Queen of the South,365,Hip Hop,,,,,,,,,,,,,28,,,,,,,,,,,,,,,,,,,,,28.00,28,73.19230769,1,0,0
Mabiland - Niñxs Rotxs,392,,,,,,,,,,,,,,,,28,,,,,,,,,,,,,,,,,,,28.00,28,73.19230769,1,0,0
Perila - How much time it is between you and me?,474,Ambient,,,,,,,,,,,,,,,,,,,,,28,,,,,,,,,,,,,28.00,28,73.19230769,1,0,0
Papur Wal - Amser Mynd Adra,521,,,,,,,,,,,,,,,,,,,,,,,,,,28,,,,,,,,,28.00,28,73.19230769,1,0,0
Conway the Machine - La Maquina,29,Hip Hop,29,,,,,,,,,,,,,,,,,,,,,,,,,,,,,,,,,29.00,29,73.23076923,1,0,0
Pink Suits - Political Child,187,,,,,,29,,,,,,,,,,,,,,,,,,,,,,,,,,,,,29.00,29,73.23076923,1,0,0
Field Music - Flat White Moon,220,Indie,,,,,,29,,,,,,,,,,,,,,,,,,,,,,,,,,,,29.00,29,73.23076923,1,0,0
Lukah - When The Black Hand Touches You,242,Hip Hop,,,,,,,29,,,,,,,,,,,,,,,,,,,,,,,,,,,29.00,29,73.23076923,1,0,0
HARD FEELINGS - HARD FEELINGS,292,Electronic,,,,,,,,,29,,,,,,,,,,,,,,,,,,,,,,,,,29.00,29,73.23076923,1,0,0
Steve Gunn - Other You,326,Indie,,,,,,,,,,,29,,,,,,,,,,,,,,,,,,,,,,,29.00,29,73.23076923,1,0,0
Elton John - The Lockdown Sessions,345,Pop,,,,,,,,,,,,29,,,,,,,,,,,,,,,,,,,,,,29.00,29,73.23076923,1,0,0
Salamanda - Sphere,366,,,,,,,,,,,,,,29,,,,,,,,,,,,,,,,,,,,,29.00,29,73.23076923,1,0,0
Natalie Imbruglia - Firebird,467,Pop,,,,,,,,,,,,,,,,,,,29,,,,,,,,,,,,,,,29.00,29,73.23076923,1,0,0
Noga Erez - KIDS (Against the Machine),520,,,,,,,,,,,,,,,,,,,,,,,,,,29,,,,,,,,,29.00,29,73.23076923,1,0,0
Sleepy Hallow - Still Sleep? ,30,Hip Hop,30,,,,,,,,,,,,,,,,,,,,,,,,,,,,,,,,,30.00,30,73.26923077,1,0,0
Brand of Sacrifice - Lifeblood,76,Metal,,30,,,,,,,,,,,,,,,,,,,,,,,,,,,,,,,,30.00,30,73.26923077,1,0,0
Sangre Nueva - Goteo EP,155,,,,,30,,,,,,,,,,,,,,,,,,,,,,,,,,,,,,30.00,30,73.26923077,1,0,0
Blue Orchids - Speed The Day,188,,,,,,30,,,,,,,,,,,,,,,,,,,,,,,,,,,,,30.00,30,73.26923077,1,0,0
Part Chimp - Drool,293,Indie,,,,,,,,,30,,,,,,,,,,,,,,,,,,,,,,,,,30.00,30,73.26923077,1,0,0
Parannoul - To See The Next Part of the Dream,379,Indie,,,,,,,,,,,,,,30,,,,,,,,,,,,,,,,,,,,30.00,30,73.26923077,1,0,0
José González - Local Valley,410,Singer-Songwriter,,,,,,,,,,,,,,,,30,,,,,,,,,,,,,,,,,,30.00,30,73.26923077,1,0,0
Sourdure - De mòrt viva,483,,,,,,,,,,,,,,,,,,,,,,30,,,,,,,,,,,,,30.00,30,73.26923077,1,0,0
The Allergies - Promised Land,524,,,,,,,,,,,,,,,,,,,,,,,,,,30,,,,,,,,,30.00,30,73.26923077,1,0,0
Carín León - Inédito,346,,,,,,,,,,,,,31,,,,,,,,,,,,,,,,,,,,,,31.00,31,73.30769231,1,0,0
Dos Santos - City of Mirrors,439,,,,,,,,,,,,,,,,,,31,,,,,,,,,,,,,,,,,31.00,31,73.30769231,1,0,0
harvey_dug - Nu Grip,157,,,,,32,,,,,,,,,,,,,,,,,,,,,,,,,,,,,,32.00,32,73.34615385,1,0,0
Paul McCartney - McCartney III,222,Rock,,,,,,32,,,,,,,,,,,,,,,,,,,,,,,,,,,,32.00,32,73.34615385,1,0,0
Ioulus - Oddkin,294,Indie,,,,,,,,,32,,,,,,,,,,,,,,,,,,,,,,,,,32.00,32,73.34615385,1,0,0
One Step Closer - This Place You Know,380,Punk,,,,,,,,,,,,,,32,,,,,,,,,,,,,,,,,,,,32.00,32,73.34615385,1,0,0
Moor Mother & Billy Woods - BRASS,464,Hip Hop,,,,,,,,,,,,,,,,,,,,,32,,,,,,,,,,,,,32.00,32,73.34615385,1,0,0
Wesley Joseph - ULTRAMARINE,494,,,,,,,,,,,,,,,,,,,,32,,,,,,,,,,,,,,,32.00,32,73.34615385,1,0,0
UV-TV - Always Something,529,,,,,,,,,,,,,,,,,,,,,,,,,,32,,,,,,,,,32.00,32,73.34615385,1,0,0
ZoZo Ginzburg - Blue Mountains,190,,,,,,33,,,,,,,,,,,,,,,,,,,,,,,,,,,,,33.00,33,73.38461538,1,0,0
Endless Boogie - Admonitions,223,Rock,,,,,,33,,,,,,,,,,,,,,,,,,,,,,,,,,,,33.00,33,73.38461538,1,0,0
Katy Kirby - Cool Dry Place,265,Singer-Songwriter,,,,,,,,33,,,,,,,,,,,,,,,,,,,,,,,,,,33.00,33,73.38461538,1,0,0
Kizis - Tidibabide / Turn,295,Indie,,,,,,,,,33,,,,,,,,,,,,,,,,,,,,,,,,,33.00,33,73.38461538,1,0,0
Chuck Johnson - The Cinder Grove,328,Ambient,,,,,,,,,,,33,,,,,,,,,,,,,,,,,,,,,,,33.00,33,73.38461538,1,0,0
Klein - Harmattan,367,,,,,,,,,,,,,,33,,,,,,,,,,,,,,,,,,,,,33.00,33,73.38461538,1,0,0
Current Joys - Voyager,412,Indie,,,,,,,,,,,,,,,,33,,,,,,,,,,,,,,,,,,33.00,33,73.38461538,1,0,0
Divide and Dissolve - Gas Lit,436,Metal,,,,,,,,,,,,,,,,,,,,,33,,,,,,,,,,,,,33.00,33,73.38461538,1,0,0
DJ Seinfeld - Mirrors,437,Electronic,,,,,,,,,,,,,,,,,,,,33,,,,,,,,,,,,,,33.00,33,73.38461538,1,0,0
Jon Batiste - WE ARE,450,Soul,,,,,,,,,,,,,,,,,,,33,,,,,,,,,,,,,,,33.00,33,73.38461538,1,0,0
Headie One - Too Loyal For My Own,500,Hip Hop,,,,,,,,,,,,,,,,,,,,,,33,,,,,,,,,,,,33.00,33,73.38461538,1,0,0
AJ Tracey - Flu Game,533,Hip Hop,,,,,,,,,,,,,,,,,,,,,,,,,,33,,,,,,,,33.00,33,73.38461538,1,0,0
Emanuel - Alt Therapy,80,,,34,,,,,,,,,,,,,,,,,,,,,,,,,,,,,,,,34.00,34,73.42307692,1,0,0
Steve Conte - Bronx Cheer,191,,,,,,34,,,,,,,,,,,,,,,,,,,,,,,,,,,,,34.00,34,73.42307692,1,0,0
Emily D'Angelo - enargeia,245,Classical,,,,,,,34,,,,,,,,,,,,,,,,,,,,,,,,,,,34.00,34,73.42307692,1,0,0
Adult Mom - Driver,393,Indie,,,,,,,,,,,,,,,34,,,,,,,,,,,,,,,,,,,34.00,34,73.42307692,1,0,0
Alice Phoebe Lou - Glow,413,Indie,,,,,,,,,,,,,,,,34,,,,,,,,,,,,,,,,,,34.00,34,73.42307692,1,0,0
Texas - Hi,486,,,,,,,,,,,,,,,,,,,,34,,,,,,,,,,,,,,,34.00,34,73.42307692,1,0,0
Nite Jewel - No Sun,158,Pop,,,,35,,,,,,,,,,,,,,,,,,,,,,,,,,,,,,35.00,35,73.46153846,1,0,0
Gojira - Fortitude,266,Metal,,,,,,,,35,,,,,,,,,,,,,,,,,,,,,,,,,,35.00,35,73.46153846,1,0,0
John Murry - The Stars Are God's Bullet Holes,329,Rock,,,,,,,,,,,35,,,,,,,,,,,,,,,,,,,,,,,35.00,35,73.46153846,1,0,0
Eliane Radigue - Occam Ocean 3,441,,,,,,,,,,,,,,,,,,,,,,35,,,,,,,,,,,,,35.00,35,73.46153846,1,0,0
Half Waif - Mythopoetics,445,Indie,,,,,,,,,,,,,,,,,35,,,,,,,,,,,,,,,,,35.00,35,73.46153846,1,0,0
Tinashe - 333,490,R&B,,,,,,,,,,,,,,,,,,,,35,,,,,,,,,,,,,,35.00,35,73.46153846,1,0,0
Peter Gregson - Patina,522,,,,,,,,,,,,,,,,,,,,,,,,,,35,,,,,,,,,35.00,35,73.46153846,1,0,0
G Herbo - 25,36,Hip Hop,36,,,,,,,,,,,,,,,,,,,,,,,,,,,,,,,,,36.00,36,73.5,1,0,0
24/7 Diva Heaven - Stress,193,,,,,,36,,,,,,,,,,,,,,,,,,,,,,,,,,,,,36.00,36,73.5,1,0,0
Shirley Collins - Crowlink,296,Folk,,,,,,,,,36,,,,,,,,,,,,,,,,,,,,,,,,,36.00,36,73.5,1,0,0
Altin Gün - Yol,316,Pop,,,,,,,,,,36,,,,,,,,,,,,,,,,,,,,,,,,36.00,36,73.5,1,0,0
Odd Beholder - Sunny Bay,414,,,,,,,,,,,,,,,,,36,,,,,,,,,,,,,,,,,,36.00,36,73.5,1,0,0
Karkhana - Al Azraqayn,452,,,,,,,,,,,,,,,,,,,,,,36,,,,,,,,,,,,,36.00,36,73.5,1,0,0
LSDXOXO - Dedicated 2 Disrespect,459,Electronic,,,,,,,,,,,,,,,,,,,,36,,,,,,,,,,,,,,36.00,36,73.5,1,0,0
STR4TA - Aspects,484,,,,,,,,,,,,,,,,,,,,36,,,,,,,,,,,,,,,36.00,36,73.5,1,0,0
Morray - Street Sermons,37,Pop,37,,,,,,,,,,,,,,,,,,,,,,,,,,,,,,,,,37.00,37,73.53846154,1,0,0
Snotty Nose Rez Kids - Life After,83,,,37,,,,,,,,,,,,,,,,,,,,,,,,,,,,,,,,37.00,37,73.53846154,1,0,0
Renée Reed - Renée Reed,160,Indie,,,,37,,,,,,,,,,,,,,,,,,,,,,,,,,,,,,37.00,37,73.53846154,1,0,0
Renée Reed - J'ai rêve,161,Indie,,,,37,,,,,,,,,,,,,,,,,,,,,,,,,,,,,,37.00,37,73.53846154,1,0,0
Deathretro - Deathretro,194,,,,,,37,,,,,,,,,,,,,,,,,,,,,,,,,,,,,37.00,37,73.53846154,1,0,0
Sturgill Simpson - Cuttin' Grass Vol. 2,224,Country,,,,,,37,,,,,,,,,,,,,,,,,,,,,,,,,,,,37.00,37,73.53846154,1,0,0
Dazy - MAXIMUMBLASTSUPERLOUD: The First 24 Songs,267,,,,,,,,,37,,,,,,,,,,,,,,,,,,,,,,,,,,37.00,37,73.53846154,1,0,0
Dean Wareham - I Have Nothing To Say to the Mayor of L.A.,330,Indie,,,,,,,,,,,37,,,,,,,,,,,,,,,,,,,,,,,37.00,37,73.53846154,1,0,0
Pooh Shiesty - Shiesty Season,394,Hip Hop,,,,,,,,,,,,,,,37,,,,,,,,,,,,,,,,,,,37.00,37,73.53846154,1,0,0
Ray BLK - Access Denied,534,Pop,,,,,,,,,,,,,,,,,,,,,,,,,,37,,,,,,,,37.00,37,73.53846154,1,0,0
The William Loveday Intention - Will There Ever Be A Day...,195,,,,,,38,,,,,,,,,,,,,,,,,,,,,,,,,,,,,38.00,38,73.57692308,1,0,0
Shackleton - Departing Like Rivers,297,Electronic,,,,,,,,,38,,,,,,,,,,,,,,,,,,,,,,,,,38.00,38,73.57692308,1,0,0
Marina Allen - Candlepower,317,Singer-Songwriter,,,,,,,,,,38,,,,,,,,,,,,,,,,,,,,,,,,38.00,38,73.57692308,1,0,0
Joy Oladokun - In Defense of My Own Happiness,349,,,,,,,,,,,,,38,,,,,,,,,,,,,,,,,,,,,,38.00,38,73.57692308,1,0,0
Proc Fiskal - Siren Spine,371,,,,,,,,,,,,,,38,,,,,,,,,,,,,,,,,,,,,38.00,38,73.57692308,1,0,0
Efterklang - Windflowers,415,Indie,,,,,,,,,,,,,,,,38,,,,,,,,,,,,,,,,,,38.00,38,73.57692308,1,0,0
Kate Ceberano - Sweet Inspiration,453,,,,,,,,,,,,,,,,,,,,38,,,,,,,,,,,,,,,38.00,38,73.57692308,1,0,0
Navy Blue - Song of Sage: Post Panic!,468,Hip Hop,,,,,,,,,,,,,,,,,,38,,,,,,,,,,,,,,,,38.00,38,73.57692308,1,0,0
Pamela Z - A Secret Code,470,,,,,,,,,,,,,,,,,,,,,,38,,,,,,,,,,,,,38.00,38,73.57692308,1,0,0
Curtis Harding - If Words Were Flowers,511,Soul,,,,,,,,,,,,,,,,,,,,,,,,,38,,,,,,,,,38.00,38,73.57692308,1,0,0
CHAI - WINK,121,Indie,,,39,,,,,,,,,,,,,,,,,,,,,,,,,,,,,,,39.00,39,73.61538462,1,0,0
Home Is Where - I Became Birds,382,Indie,,,,,,,,,,,,,,39,,,,,,,,,,,,,,,,,,,,39.00,39,73.61538462,1,0,0
Topaz Jones - Don't Go Tellin' Your Momma,395,Hip Hop,,,,,,,,,,,,,,,39,,,,,,,,,,,,,,,,,,,39.00,39,73.61538462,1,0,0
Patricia Brennan - Maquishti,472,Jazz,,,,,,,,,,,,,,,,,,,,,39,,,,,,,,,,,,,39.00,39,73.61538462,1,0,0
Carwyn Ellis & Rio 18 - Mas,510,,,,,,,,,,,,,,,,,,,,,,,,,,39,,,,,,,,,39.00,39,73.61538462,1,0,0
BIG | BRAVE - Vital,85,Metal,,40,,,,,,,,,,,,,,,,,,,,,,,,,,,,,,,,40.00,40,73.65384615,1,0,0
Paris Texas - BOY ANONYMOUS,122,Hip Hop,,,40,,,,,,,,,,,,,,,,,,,,,,,,,,,,,,,40.00,40,73.65384615,1,0,0
Marissa Nadler - The Path Of The Clouds,197,Indie,,,,,40,,,,,,,,,,,,,,,,,,,,,,,,,,,,,40.00,40,73.65384615,1,0,0
Chrissie Hynde - Standing in the Doorway,226,Rock,,,,,,40,,,,,,,,,,,,,,,,,,,,,,,,,,,,40.00,40,73.65384615,1,0,0
Ed Dowie - The Obvious I,298,,,,,,,,,,40,,,,,,,,,,,,,,,,,,,,,,,,,40.00,40,73.65384615,1,0,0
Tindersticks - Distractions,318,Indie,,,,,,,,,,40,,,,,,,,,,,,,,,,,,,,,,,,40.00,40,73.65384615,1,0,0
Sturgill Simpson - The Ballad of Dood & Juanita,331,Country,,,,,,,,,,,40,,,,,,,,,,,,,,,,,,,,,,,40.00,40,73.65384615,1,0,0
Theon Cross - Intra-I,372,Jazz,,,,,,,,,,,,,40,,,,,,,,,,,,,,,,,,,,,40.00,40,73.65384615,1,0,0
Chet Faker - Hotel Surrender,417,Electronic,,,,,,,,,,,,,,,,40,,,,,,,,,,,,,,,,,,40.00,40,73.65384615,1,0,0
Rambutan - parallel systems,478,,,,,,,,,,,,,,,,,,,,,,40,,,,,,,,,,,,,40.00,40,73.65384615,1,0,0
Satomimagae - Hanazano,481,,,,,,,,,,,,,,,,,,40,,,,,,,,,,,,,,,,,40.00,40,73.65384615,1,0,0
Sierra Ferrell - Long Time Coming,501,Folk,,,,,,,,,,,,,,,,,,,,,,40,,,,,,,,,,,,40.00,40,73.65384615,1,0,0
Dummy - Mandatory Enjoyment,512,,,,,,,,,,,,,,,,,,,,,,,,,,40,,,,,,,,,40.00,40,73.65384615,1,0,0
Rod Wave - Soulfly,41,Pop,41,,,,,,,,,,,,,,,,,,,,,,,,,,,,,,,,,41.00,41,73.69230769,1,0,0
The Zolas - Come Back To Life,86,,,41,,,,,,,,,,,,,,,,,,,,,,,,,,,,,,,,41.00,41,73.69230769,1,0,0
Low Hummer - Modern Tricks For Living,123,,,,41,,,,,,,,,,,,,,,,,,,,,,,,,,,,,,,41.00,41,73.69230769,1,0,0
Lola in Slacks - Moon Moth,198,,,,,,41,,,,,,,,,,,,,,,,,,,,,,,,,,,,,41.00,41,73.69230769,1,0,0
Susana Baca - Palabras Urgentes,252,,,,,,,,41,,,,,,,,,,,,,,,,,,,,,,,,,,,41.00,41,73.69230769,1,0,0
Aimee Mann - Queens of the Summer Hotel,424,Folk,,,,,,,,,,,,,,,,,,,41,,,,,,,,,,,,,,,41.00,41,73.69230769,1,0,0
WODE - Burn in Many Mirrors,497,Metal,,,,,,,,,,,,,,,,,41,,,,,,,,,,,,,,,,,41.00,41,73.69230769,1,0,0
Dijon - Absolutely,505,Soul,,,,,,,,,,,,,,,,,,,,,,,41,,,,,,,,,,,41.00,41,73.69230769,1,0,0
Ransom & Rome Streetz - Coup De Grace,42,Hip Hop,42,,,,,,,,,,,,,,,,,,,,,,,,,,,,,,,,,42.00,42,73.73076923,1,0,0
Neighborhood Brats - Confines of Life,199,,,,,,42,,,,,,,,,,,,,,,,,,,,,,,,,,,,,42.00,42,73.73076923,1,0,0
Kenny Garrett - Sounds from the Ancestors,253,Jazz,,,,,,,42,,,,,,,,,,,,,,,,,,,,,,,,,,,42.00,42,73.73076923,1,0,0
—-__—___ - The Heart Pumps Kool-Aid,299,,,,,,,,,,42,,,,,,,,,,,,,,,,,,,,,,,,,42.00,42,73.73076923,1,0,0
Azita - Glen Echo,429,Indie,,,,,,,,,,,,,,,,,,,,,42,,,,,,,,,,,,,42.00,42,73.73076923,1,0,0
"Vijay Iyer, Linda May Han Oh & Tyshawn Sorey - Uneasy",493,Jazz,,,,,,,,,,,,,,,,,,42,,,,,,,,,,,,,,,,42.00,42,73.73076923,1,0,0
Hayden Thorpe - Moondust for My Diamond,515,Indie,,,,,,,,,,,,,,,,,,,,,,,,,42,,,,,,,,,42.00,42,73.73076923,1,0,0
Theirry Larose - Cantalou,88,,,43,,,,,,,,,,,,,,,,,,,,,,,,,,,,,,,,43.00,43,73.76923077,1,0,0
Holy Other - Lieve,164,,,,,43,,,,,,,,,,,,,,,,,,,,,,,,,,,,,,43.00,43,73.76923077,1,0,0
The Catenary Wires - Birling Gap,200,,,,,,43,,,,,,,,,,,,,,,,,,,,,,,,,,,,,43.00,43,73.76923077,1,0,0
The Mountain Goats - Dark In Here,270,Indie,,,,,,,,43,,,,,,,,,,,,,,,,,,,,,,,,,,43.00,43,73.76923077,1,0,0
My Morning Jacket - My Morning Jacket,332,Indie,,,,,,,,,,,43,,,,,,,,,,,,,,,,,,,,,,,43.00,43,73.76923077,1,0,0
Ayra Starr - 19 & Dangerous,373,,,,,,,,,,,,,,43,,,,,,,,,,,,,,,,,,,,,43.00,43,73.76923077,1,0,0
Converge & Chelsea Wolfe - Bloodmoon: I,433,Metal,,,,,,,,,,,,,,,,,43,,,,,,,,,,,,,,,,,43.00,43,73.76923077,1,0,0
Raed Yassin - Archeophony,477,,,,,,,,,,,,,,,,,,,,,,43,,,,,,,,,,,,,43.00,43,73.76923077,1,0,0
Shad - TAO,89,,,44,,,,,,,,,,,,,,,,,,,,,,,,,,,,,,,,44.00,44,73.80769231,1,0,0
Sloppy Jane - Madison,165,Indie,,,,44,,,,,,,,,,,,,,,,,,,,,,,,,,,,,,44.00,44,73.80769231,1,0,0
Adia Victoria - Southern Gothic,254,Rock,,,,,,,44,,,,,,,,,,,,,,,,,,,,,,,,,,,44.00,44,73.80769231,1,0,0
Fred Again.. - Actual Life,350,Electronic,,,,,,,,,,,,44,,,,,,,,,,,,,,,,,,,,,,44.00,44,73.80769231,1,0,0
Iron Maiden - Senjutsu,397,Metal,,,,,,,,,,,,,,,44,,,,,,,,,,,,,,,,,,,44.00,44,73.80769231,1,0,0
Suuns - The Witness,418,Indie,,,,,,,,,,,,,,,,44,,,,,,,,,,,,,,,,,,44.00,44,73.80769231,1,0,0
Damon Locks Black Monument Ensemble - Now,434,Jazz,,,,,,,,,,,,,,,,,,,,,44,,,,,,,,,,,,,44.00,44,73.80769231,1,0,0
Joel Culpepper - Sgt Culpepper,449,Funk,,,,,,,,,,,,,,,,,,,44,,,,,,,,,,,,,,,44.00,44,73.80769231,1,0,0
"Young Stoner Life, Young Thug, & Gunna - Slime Language 2",498,Hip Hop,,,,,,,,,,,,,,,,,,,,44,,,,,,,,,,,,,,44.00,44,73.80769231,1,0,0
Griff - One Foot In Front of the Other,506,Pop,,,,,,,,,,,,,,,,,,,,,,,44,,,,,,,,,,,44.00,44,73.80769231,1,0,0
Tune-Yards - sketchy.,527,Indie,,,,,,,,,,,,,,,,,,,,,,,,44,,,,,,,,,,44.00,44,73.80769231,1,0,0
Bleachers - Take The Sadness Out of Saturday Night,535,Pop,,,,,,,,,,,,,,,,,,,,,,,,,,44,,,,,,,,44.00,44,73.80769231,1,0,0
Pi'erre Bourne - The Life of Pi'erre 5,45,Hip Hop,45,,,,,,,,,,,,,,,,,,,,,,,,,,,,,,,,,45.00,45,73.84615385,1,0,0
Yu Su - Yellow River Blue,90,Ambient,,45,,,,,,,,,,,,,,,,,,,,,,,,,,,,,,,,45.00,45,73.84615385,1,0,0
V/A - I Can't Complain But Sometimes I Still Do,166,,,,,45,,,,,,,,,,,,,,,,,,,,,,,,,,,,,,45.00,45,73.84615385,1,0,0
Turner - Daydream & Stars,201,,,,,,45,,,,,,,,,,,,,,,,,,,,,,,,,,,,,45.00,45,73.84615385,1,0,0
Rodrigo Amarante - Drama,255,Singer-Songwriter,,,,,,,45,,,,,,,,,,,,,,,,,,,,,,,,,,,45.00,45,73.84615385,1,0,0
Hawthonn - Earth Mirror,301,,,,,,,,,,45,,,,,,,,,,,,,,,,,,,,,,,,,45.00,45,73.84615385,1,0,0
Bobby Gillespie & Jehnny Beth - Utopian Ashes,334,Rock,,,,,,,,,,,45,,,,,,,,,,,,,,,,,,,,,,,45.00,45,73.84615385,1,0,0
Car Culture - Dead Rock,374,Electronic,,,,,,,,,,,,,45,,,,,,,,,,,,,,,,,,,,,45.00,45,73.84615385,1,0,0
Fucked Up - Year of the Horse,443,Punk,,,,,,,,,,,,,,,,,45,,,,,,,,,,,,,,,,,45.00,45,73.84615385,1,0,0
William Parker - Mayan Space Station,495,Jazz,,,,,,,,,,,,,,,,,,,,,45,,,,,,,,,,,,,45.00,45,73.84615385,1,0,0
Joe & The Shitboys - The Reson for Hardcore Vibes Again,126,,,,46,,,,,,,,,,,,,,,,,,,,,,,,,,,,,,,46.00,46,73.88461538,1,0,0
Vadim Repin et al. - Sofia Gubaidulina...,256,Classical,,,,,,,46,,,,,,,,,,,,,,,,,,,,,,,,,,,46.00,46,73.88461538,1,0,0
Fire-Toolz - Eternal Home,273,Electronic,,,,,,,,46,,,,,,,,,,,,,,,,,,,,,,,,,,46.00,46,73.88461538,1,0,0
"Rufus Isabel Elliot - A/am/ams (come ashore, turn over)",302,,,,,,,,,,46,,,,,,,,,,,,,,,,,,,,,,,,,46.00,46,73.88461538,1,0,0
Sunroof - Electronic Music Improvisations Vol. 1,319,Electronic,,,,,,,,,,46,,,,,,,,,,,,,,,,,,,,,,,,46.00,46,73.88461538,1,0,0
Lightning Bug - A Color of the Sky,456,Indie,,,,,,,,,,,,,,,,,,,,46,,,,,,,,,,,,,,46.00,46,73.88461538,1,0,0
Mara TK - Bad Meditation,461,,,,,,,,,,,,,,,,,,,,46,,,,,,,,,,,,,,,46.00,46,73.88461538,1,0,0
Meemo Comma - Neon Genesis: Soul Into Matter,463,Electronic,,,,,,,,,,,,,,,,,,,,,46,,,,,,,,,,,,,46.00,46,73.88461538,1,0,0
Goat Girl - On All Fours,513,Indie,,,,,,,,,,,,,,,,,,,,,,,,46,,,,,,,,,,46.00,46,73.88461538,1,0,0
Ty Segall - Harmonizer,528,Rock,,,,,,,,,,,,,,,,,,,,,,,,,46,,,,,,,,,46.00,46,73.88461538,1,0,0
Nao - And Then Life Was Beautiful,536,Soul,,,,,,,,,,,,,,,,,,,,,,,,,,46,,,,,,,,46.00,46,73.88461538,1,0,0
Aminé - TWOPOINTFIVE,47,Pop,47,,,,,,,,,,,,,,,,,,,,,,,,,,,,,,,,,47.00,47,73.92307692,1,0,0
Ducks Ltd. - Modern Fiction,92,Indie,,47,,,,,,,,,,,,,,,,,,,,,,,,,,,,,,,,47.00,47,73.92307692,1,0,0
Reigning Sound - A Little More Time with Reigning Sound,203,Punk,,,,,47,,,,,,,,,,,,,,,,,,,,,,,,,,,,,47.00,47,73.92307692,1,0,0
Artifacts - ...and then there's this,257,Jazz,,,,,,,47,,,,,,,,,,,,,,,,,,,,,,,,,,,47.00,47,73.92307692,1,0,0
Elephant9 - Arrival of the New Elders,336,Jazz,,,,,,,,,,,47,,,,,,,,,,,,,,,,,,,,,,,47.00,47,73.92307692,1,0,0
SG Lewis - times,352,Pop,,,,,,,,,,,,47,,,,,,,,,,,,,,,,,,,,,,47.00,47,73.92307692,1,0,0
"DJ Pitch - It's Not What You Said, It's Because You Spoke",375,,,,,,,,,,,,,,47,,,,,,,,,,,,,,,,,,,,,47.00,47,73.92307692,1,0,0
Jhay Cortez - Timelezz,399,Reggae,,,,,,,,,,,,,,,47,,,,,,,,,,,,,,,,,,,47.00,47,73.92307692,1,0,0
dltzk - Frailty,438,Indie,,,,,,,,,,,,,,,,,,47,,,,,,,,,,,,,,,,47.00,47,73.92307692,1,0,0
Irreversible Entanglementts - Open the Gates,447,Jazz,,,,,,,,,,,,,,,,,47,,,,,,,,,,,,,,,,,47.00,47,73.92307692,1,0,0
Patrick Shiroishi - Hidemi,473,,,,,,,,,,,,,,,,,,,,,,47,,,,,,,,,,,,,47.00,47,73.92307692,1,0,0
Scrimshire - Nothing Feels Like Everything,482,,,,,,,,,,,,,,,,,,,,47,,,,,,,,,,,,,,,47.00,47,73.92307692,1,0,0
Maisie Peters - You Signed Up For This,502,Pop,,,,,,,,,,,,,,,,,,,,,,47,,,,,,,,,,,,47.00,47,73.92307692,1,0,0
Molly Payton - Slack,507,,,,,,,,,,,,,,,,,,,,,,,,47,,,,,,,,,,,47.00,47,73.92307692,1,0,0
White Flowers - Day By Day,532,Indie,,,,,,,,,,,,,,,,,,,,,,,,,47,,,,,,,,,47.00,47,73.92307692,1,0,0
Meek Mill - Expensive Pain,48,Hip Hop,48,,,,,,,,,,,,,,,,,,,,,,,,,,,,,,,,,48.00,48,73.96153846,1,0,0
Equiknoxx - Basic Tools Mixtape,168,,,,,48,,,,,,,,,,,,,,,,,,,,,,,,,,,,,,48.00,48,73.96153846,1,0,0
"Slow Down, Molasses - Minor Deaths",204,,,,,,48,,,,,,,,,,,,,,,,,,,,,,,,,,,,,48.00,48,73.96153846,1,0,0
Ruth Goller - Skylla,303,,,,,,,,,,48,,,,,,,,,,,,,,,,,,,,,,,,,48.00,48,73.96153846,1,0,0
Desire Marea - Desire,321,Electronic,,,,,,,,,,48,,,,,,,,,,,,,,,,,,,,,,,,48.00,48,73.96153846,1,0,0
Young Dolph & Key Glock - Dum and Dummer 2,353,Hip Hop,,,,,,,,,,,,48,,,,,,,,,,,,,,,,,,,,,,48.00,48,73.96153846,1,0,0
Sega Bodega - Romeo,376,R&B,,,,,,,,,,,,,48,,,,,,,,,,,,,,,,,,,,,48.00,48,73.96153846,1,0,0
Flock of Dimes - Head of Roses,386,Indie,,,,,,,,,,,,,,48,,,,,,,,,,,,,,,,,,,,48.00,48,73.96153846,1,0,0
Strand of Oaks - In Heaven,419,Indie,,,,,,,,,,,,,,,,48,,,,,,,,,,,,,,,,,,48.00,48,73.96153846,1,0,0
Ahmed - Nights on Saturn (Communication),423,Jazz,,,,,,,,,,,,,,,,,,,,,48,,,,,,,,,,,,,48.00,48,73.96153846,1,0,0
Esther Rose - How Many Times,442,,,,,,,,,,,,,,,,,,,,48,,,,,,,,,,,,,,,48.00,48,73.96153846,1,0,0
Claud - Super Monster,508,Indie,,,,,,,,,,,,,,,,,,,,,,,48,,,,,,,,,,,48.00,48,73.96153846,1,0,0
J Balvin - JOSE,49,Pop,49,,,,,,,,,,,,,,,,,,,,,,,,,,,,,,,,,49.00,49,74,1,0,0
Bull - Discover Effortless Living,129,,,,49,,,,,,,,,,,,,,,,,,,,,,,,,,,,,,,49.00,49,74,1,0,0
You'll Never Get to Heaven - Wave Your Moonlight Hat...,169,,,,,49,,,,,,,,,,,,,,,,,,,,,,,,,,,,,,49.00,49,74,1,0,0
The Stan Laurels - There Is No Light Without The Dark,205,,,,,,49,,,,,,,,,,,,,,,,,,,,,,,,,,,,,49.00,49,74,1,0,0
Succumb - XXI,304,Metal,,,,,,,,,49,,,,,,,,,,,,,,,,,,,,,,,,,49.00,49,74,1,0,0
Sunburned Hand of the Man - Pick A Day To Die,337,Indie,,,,,,,,,,,49,,,,,,,,,,,,,,,,,,,,,,,49.00,49,74,1,0,0
"Jack Ingram, Miranda Lambert & Jon Randall - The Marfa Tapes",354,Country,,,,,,,,,,,,49,,,,,,,,,,,,,,,,,,,,,,49.00,49,74,1,0,0
Arca - Kick ii,377,Electronic,,,,,,,,,,,,,49,,,,,,,,,,,,,,,,,,,,,49.00,49,74,1,0,0
Papangu - Holoceno,471,Metal,,,,,,,,,,,,,,,,,49,,,,,,,,,,,,,,,,,49.00,49,74,1,0,0
Inhaler - It Won't Always Be Like This,537,Post-Punk,,,,,,,,,,,,,,,,,,,,,,,,,,49,,,,,,,,49.00,49,74,1,0,0
Migos - Culture III,50,Hip Hop,50,,,,,,,,,,,,,,,,,,,,,,,,,,,,,,,,,50.00,50,74.03846154,1,0,0
Wau Wau Collectif - Yaral Sa Doom,170,,,,,50,,,,,,,,,,,,,,,,,,,,,,,,,,,,,,50.00,50,74.03846154,1,0,0
Melvins - Working With God,305,Rock,,,,,,,,,50,,,,,,,,,,,,,,,,,,,,,,,,,50.00,50,74.03846154,1,0,0
Closer - Within One Stem,387,Punk,,,,,,,,,,,,,,50,,,,,,,,,,,,,,,,,,,,50.00,50,74.03846154,1,0,0
NEØV - Picture of a good life,421,Indie,,,,,,,,,,,,,,,,50,,,,,,,,,,,,,,,,,,50.00,50,74.03846154,1,0,0
IZ Band - IZ: Drop By Old Heaven Books,448,,,,,,,,,,,,,,,,,,,,,,50,,,,,,,,,,,,,50.00,50,74.03846154,1,0,0
The World is a Beautiful Place... - Illusory Walls,489,Indie,,,,,,,,,,,,,,,,,50,,,,,,,,,,,,,,,,,50.00,50,74.03846154,1,0,0
Shannon Lay - Geist,509,Folk,,,,,,,,,,,,,,,,,,,,,,,50,,,,,,,,,,,50.00,50,74.03846154,1,0,0
The Lathums - How Beautiful Life,526,Indie,,,,,,,,,,,,,,,,,,,,,,,,50,,,,,,,,,,50.00,50,74.03846154,1,0,0